KCT,sex,Locality,Location,Distance,chr1.014,chr1.046,chr1.059,chr2.030,chr2.078,chr2.165,chr3.007,chr3.140,chr4.057,chr4.129,chr5.007,chr5.097,chr6.088,chr6.113,chr7.083,chr7.126,chr8.078,chr8.101,chr9.052,chr9.075,chr10.045,chr11.053,chr11.089,chr12.031,chr12.099,chr13.029,chr13.056,chr14.031,chr14.074,chr15.065,chr15.099,chr16.014,chr17.046,chr17.091,chr18.028,chr18.064,chr19.044,chr19.052,chrX.Emd,chrX.PolaI,chrX.Xist
5,F,Thallwitz,13,81.3,DD,DM,DD,DD,DD,DD,DD,DD,DD,DD,DD,DD,DD,DD,DD,DD,DD,DD,DD,DD,DM,DD,DD,DD,DD,DD,DD,DD,DM,DD,DD,DM,DD,DD,DD,DD,DD,DD,DD,DD,DD
7,F,Kreischau,22,104.4,DD,DD,DD,DD,DD,DD,DD,MD,DD,DD,DM,DD,DD,DD,DD,DM,DD,DD,DD,MM,DD,DD,DD,DD,MM,DD,DD,DD,DD,DD,DD,DD,DD,DD,DD,DD,DD,DM,DD,DD,DD
8,M,Mehderitzsch,21,103.5,DD,DD,DD,DD,DM,DD,DD,DD,DD,DD,DM,DD,DD,DD,DD,DD,DD,DD,DD,DD,DD,DD,DD,DD,DD,DD,DM,DD,DD,DD,DD,DD,DD,DD,DD,MM,DD,DD,M,D,D
9,M,Borna,10,69.6,DD,DD,DD,DD,DD,DD,DD,DD,DD,DD,DD,DD,DD,DD,DD,DM,MM,DD,DD,DM,DD,DD,DD,DD,DD,DD,DD,DM,DD,DD,DD,DD,DD,DD,DD,DD,DD,DD,D,D,D
10,F,Borna,10,69.6,DD,DD,DD,DD,DD,DD,DD,DD,DD,DD,DD,DD,DD,DD,DD,DM,MM,DD,DD,DM,DD,DD,DD,DD,DD,DD,DD,MM,DD,DD,DD,DD,DD,DD,DD,DD,DD,DD,DD,DD,DD
11,?,Borna,10,69.6,DD,DD,DD,DD,DD,DD,DD,DD,DD,DD,DD,DD,DD,DD,DD,DM,MM,DD,DD,DD,DD,DD,DD,DD,DD,DD,DD,DM,DD,DD,DD,DD,DD,DD,DD,DD,DD,DD,D,D ,D 
12,F,Borna,10,69.6,DD,DD,DD,DD,DD,DD,DD,DD,DD,DD,DM,DD,DD,DD,MM,DD,MM,DD,DD,DM,DD,DD,DD,DD,DD,DD,DD,DD,DD,DD,DD,DD,DD,DD,DD,DD,DD,DD,DD,DD,DD
13,F,Borna,10,69.6,DD,DD,DD,DD,DD,DD,DD,DD,DD,DD,DD,DD,DD,DD,DD,MM,DM,DD,DD,DD,DD,DD,DD,DD,DD,DD,DD,DD,DD,DD,DD,DD,DD,DD,DD,DD,DD,DD,DD,DD,DD
14,M,Borna,10,69.6,DD,DD,DD,DD,DD,DD,DD,DD,DD,DD,DD,DD,DD,DD,DD,DM,DD,DD,DD,DM,DD,DD,DD,DD,DD,DD,DD,DM,DD,DD,DD,DD,DD,DD,DD,DD,DD,DD,D,D,D
15,M,Nischwitz,14,81.9,DD,DD,DD,DD,DD,DD,MD,DD,DD,DD,MM,DD,DM,DD,DD,DD,DM,DD,DD,MM,DD,DD,DD,DD,DM,DD,DD,DD,DD,DD,DD,DD,DD,DD,DD,DD,DD,DD,D,.,.
16,F,Dehnitz bei Wurzen,15,83.85,DD,DD,DD,DD,DD,DD,DD,DD,DD,DD,DD,DD,DD,DD,DD,DM,DD,DM,DD,MM,DD,DD,DD,DD,DD,DD,DD,DD,DD,DD,DD,DD,DD,DD,DD,DM,DD,DD,DD,DD,DD
17,M,Dehnitz bei Wurzen,15,83.85,DD,DD,DD,DD,DD,DD,DD,DD,DD,DD,DD,DD,DD,DD,DD,MM,DD,DD,DD,DM,DD,DD,DD,DD,DD,DD,DD,DD,DD,DD,DD,DD,DD,DD,DD,DM,DD,DM,D,D,D
18,F,Dehnitz bei Wurzen,15,83.85,DD,DD,DD,DD,DD,DD,DD,DD,DD,DD,DM,DD,DM,DD,DD,DM,DD,MM,DD,.,DD,DD,DD,DD,DD,DD,DD,DD,DD,DD,DD,DD,DD,DD,DD,DD,DD,DM,DD,DD,DD
19,M,Dehnitz bei Wurzen,15,83.85,DD,DD,DD,DD,DD,DD,DD,DD,DD,DD,DD,DD,DD,DD,DD,MM,DD,DM,DD,MM,DD,DD,DD,DD,DD,DD,DD,DD,DD,DD,DD,DD,DD,DD,DD,DM,DD,DD,D,D,D
20,M,Dehnitz bei Wurzen,15,83.85,DD,DD,DD,DD,DD,DD,DD,DD,DD,DD,DD,DD,DD,DD,DD,MM,DD,DD,DD,MM,DD,DD,DD,DD,DD,DD,DD,DD,DD,DD,DD,DD,DD,DD,DD,DD,DD,DM,D,D,D
21,M,Lueptitz,17,85.95,DD,DD,DM,DD,DD,DD,DD,DD,DD,DD,DD,DD,DD,DM,DM,DD,DD,DM,DD,DM,DD,DD,DD,DD,DD,DD,DM,DD,DD,DD,DD,DD,DM,DD,DD,DD,DM,DD,D,D,D
22,F,Kreischau,22,104.4,DD,DD,DD,DD,DD,DD,MD,DD,DD,DD,DM,DM,DD,DD,DD,DD,DD,DD,DD,DM,DD,MM,DD,DD,DM,DD,DD,DD,DD,DD,DD,DD,DD,DD,DD,DD,DD,DD,DD,DD,DD
23,M,Lueptitz,17,85.95,DD,DD,MM,DD,DD,DD,DD,DD,DD,DD,DD,DD,DD,DD,MM,DM,DD,DD,DD,DM,DD,DD,DD,DD,DD,DD,DM,DD,DD,DD,DD,DD,DM,DD,DD,DD,DM,DD,D,D,D
24,M,Wilsdruff,25,138.9,MM,MM,MM,MM,MM,MM,MM,MM,DD,MM,MM,DD,MM,MM,MM,MM,MM,MM,DM,MM,MM,MM,MM,MM,DM,DM,MM,DM,MM,MM,MM,MM,MM,MM,DM,MM,MM,MM,M,M,M
25,M,Wilsdruff,25,138.9,DD,MM,DM,MM,MM,MM,MM,MM,MM,MM,MM,MM,MM,MM,MM,MM,MM,MM,DM,MM,DM,DD,MM,MM,MM,DM,MM,DM,MM,DD,MM,MM,MM,DM,MM,MM,MM,MM,M,M,M
26,M,Wilsdruff,25,138.9,DM,MM,MM,MM,MM,MM,MM,MM,DD,MM,MM,DM,MM,MM,MM,MM,MM,MM,MM,MM,MM,DM,MM,MM,DM,DD,MM,DM,DM,MM,MM,MM,MM,MM,DM,MM,MM,MM,M,M,M
27,M,Wilsdruff,25,138.9,DM,MM,MM,MM,MM,MM,MD,MM,DD,MM,MM,DM,MM,MM,MM,MM,DM,MM,MM,MM,MM,DM,MM,MM,DM,DM,MM,DM,MM,MM,DM,MM,MM,MM,MM,MM,MM,MM,M,M,M
28,F,Wilsdruff,25,138.9,DD,MM,DM,MM,MM,MM,MM,MM,DM,MM,MM,MM,MM,MM,MM,MM,MM,MM,MM,MM,DM,DM,MM,MM,MM,DM,MM,MM,MM,DM,MM,MM,MM,MM,MM,MM,MM,MM,MM,MM,MM
29,M,Wilsdruff,25,138.9,DD,MM,MM,MM,MM,MM,MM,MM,DM,MM,MM,DM,MM,MM,MM,MM,MM,MM,MM,MM,DD,DM,MM,MM,MM,MM,MM,MM,MM,DM,MM,MM,MM,MM,MM,MM,MM,MM,M,M,M
30,M,Wilsdruff,25,138.9,DD,MM,DM,MM,MM,MM,MM,MM,MM,MM,MM,MM,MM,MM,MM,MM,MM,MM,MM,MM,DM,DM,MM,MM,MM,DM,MM,MM,MM,DD,MM,MM,MM,MM,MM,MM,MM,MM,M,M,M
31,F,Wilsdruff,25,138.9,MM,MM,DM,MM,MM,MM,MM,MM,DD,MM,MM,DM,MM,MM,MM,MM,MM,MM,MM,MM,MM,DM,MM,MM,DM,DM,MM,MM,DM,MM,MM,MM,MM,MM,MM,MM,MM,MM,MM,MM,MM
32,M,Wilsdruff,25,138.9,DD,MM,MM,MM,MM,MM,MM,MM,MM,MM,MM,DM,MM,MM,MM,MM,MM,MM,MM,MM,DD,MM,MM,MM,MM,DM,MM,MM,MM,DM,MM,MM,MM,MM,MM,MM,MM,MM,M,M,M
33,M,Wilsdruff,25,138.9,MM,MM,MM,MM,MM,MM,MM,MM,DD,MM,MM,DM,MM,MM,MM,MM,MM,MM,MM,MM,MM,MM,MM,MM,DM,DD,MM,DM,DM,MM,MM,MM,MM,MM,DD,MM,MM,MM,M,M,M
34,M,Wilsdruff,25,138.9,DM,DD,MM,MM,DM,MM,MM,MM,DD,MM,MM,DM,MM,MM,MM,MM,DM,MM,MM,MM,MM,DD,MM,DM,DM,MM,MM,MM,MM,MM,DM,MM,DM,DM,MM,DM,MM,MM,M,.,M
35,M,Wilsdruff,25,138.9,MM,MM,MM,MM,MM,MM,MM,MM,DD,MM,MM,DD,MM,MM,MM,MM,MM,MM,DM,MM,MM,MM,MM,MM,DD,DD,MM,DM,MM,MM,MM,MM,MM,MM,DM,MM,MM,MM,M,M,M
37,F,Wilsdruff,25,138.9,DM,MM,DM,MM,MM,MM,MM,MM,DM,MM,MM,MM,MM,MM,MM,MM,MM,MM,DM,MM,DM,DM,MM,MM,MM,DM,MM,DM,MM,DM,MM,MM,MM,MM,MM,MM,MM,MM,MM,MM,MM
38,M,Wilsdruff,25,138.9,DD,MM,DM,MM,MM,MM,MM,MM,DD,MM,MM,DD,MM,MM,MM,MM,MM,MM,MM,MM,MM,MM,MM,MM,MM,DM,MM,MM,DM,MM,MM,MM,MM,MM,MM,MM,MM,MM,M,M,M
39,M,Wilsdruff,25,138.9,DM,MM,MM,MM,MM,MM,MM,MM,DD,MM,MM,DM,MM,MM,MM,MM,MM,MM,DM,MM,MM,DM,MM,MM,DM,MM,MM,DM,DM,MM,MM,MM,MM,MM,DM,MM,MM,MM,M,M,M
40,F,Wilsdruff,25,138.9,MM,MM,MM,MM,MM,MM,DD,MM,DD,MM,MM,MM,MM,MM,MM,MM,MM,MM,DM,MM,MM,DD,MM,MM,DM,DD,MM,MM,MM,MM,MM,MM,MM,MM,MM,DM,MM,DM,MM,MM,MM
41,M,Wilsdruff,25,138.9,DM,MM,DM,MM,MM,MM,MM,MM,DD,MM,MM,DM,MM,MM,MM,MM,MM,MM,DM,MM,MM,MM,MM,MM,DM,DD,MM,DM,MM,MM,MM,MM,MM,MM,DM,MM,MM,MM,M,M,M
42,F,Wilsdruff,25,138.9,DD,MM,DM,MM,MM,MM,MM,MM,DD,MM,MM,MM,MM,MM,MM,MM,MM,MM,MM,MM,MM,DD,MM,MM,MM,DM,MM,MM,DM,MM,MM,MM,MM,MM,MM,MM,MM,MM,MM,MM,MM
43,F,Wilsdruff,25,138.9,DD,MM,DM,MM,MM,MM,MM,MM,DD,MM,MM,DM,MM,MM,MM,MM,MM,MM,MM,.,MM,DM,MM,MM,MM,DM,MM,DM,DM,MM,MM,MM,MM,MM,MM,MM,MM,MM,MM,MM,MM
44,F,Wilsdruff,25,138.9,MM,MM,DM,MM,MM,MM,MM,MM,DD,MM,MM,DD,MM,MM,MM,MM,MM,MM,DM,MM,MM,DM,MM,MM,DM,DD,MM,DM,MM,MM,MM,MM,MM,MM,DM,MM,MM,MM,MM,MM,MM
45,M,Wilsdruff,25,138.9,DD,MM,MM,MM,MM,MM,MD,MM,DD,MM,MM,DM,MM,MM,MM,MM,DM,MM,MM,MM,MM,DM,MM,MM,DM,DM,MM,DM,DM,MM,MM,MM,MM,MM,MM,MM,MM,MM,M,M,M
46,F,Wilsdruff,25,138.9,MM,MM,MM,MM,MM,MM,MM,MM,DD,MM,MM,DD,MM,MM,MM,MM,MM,MM,MM,MM,MM,MM,MM,MM,MM,DM,MM,DM,DM,MM,MM,MM,MM,MM,DM,MM,MM,MM,MM,MM,MM
47,F,Lueptitz,17,85.95,DD,DD,MM,DD,DD,DD,DD,DD,DD,DD,DD,DD,DD,DD,MM,DM,DM,DM,DD,DM,DD,DD,DD,DD,DD,DD,DD,DD,DD,DD,DD,DD,DM,DD,DD,DD,MM,DD,DD,DD,DD
48,M,Lueptitz,17,85.95,DD,DD,DD,DD,DD,DD,DD,DD,DD,DD,DM,DD,DD,DM,DM,DD,DD,DD,DD,DM,DD,DD,DD,DD,DD,DD,DM,DD,DD,DD,DD,DD,DD,DD,DD,DD,DD,DD,D,D,D
49,F,Lueptitz,17,85.95,DD,DD,DM,DD,DD,DD,DD,DD,DD,DD,DD,DD,DD,DM,DM,DD,DD,DD,DD,DM,DD,DD,DD,DD,DM,DD,DM,DD,DD,DD,DD,DD,DD,DD,DD,,MM,DD,DD,DD,DD
50,M,Lueptitz,17,85.95,DD,DD,DM,DD,DD,DD,DD,DD,DD,DD,DD,DD,DD,DM,MM,DD,DD,DD,DD,DM,DD,DD,DD,DD,DM,DD,DM,DD,DD,DD,DD,DD,DM,DD,DD,DD,DM,DD,D,D,D
51,M,Wilsdruff,25,138.9,DD,DM,MM,MM,MM,MM,MM,MM,MM,MM,MM,MM,MM,MM,DM,MM,MM,MM,MM,MM,DD,MM,MM,DM,MM,DM,MM,DM,MM,DM,MM,MM,MM,DM,MM,MM,MM,MM,M,M,M
52,F,Wilsdruff,25,138.9,DD,DD,DM,MM,MM,MM,MM,MM,MM,MM,MM,DM,MM,MM,MM,MM,MM,MM,MM,.,DD,MM,MM,DM,MM,DD,MM,DM,MM,DM,MM,MM,MM,DD,MM,MM,MM,MM,MM,MM,MM
53,M,N of Floessberg,11,73.5,DD,DD,DD,DD,DD,DD,DD,DD,DD,DD,DM,DD,DD,DD,DD,DD,DD,DD,DD,DD,DD,DD,DD,DD,DD,DD,DD,DD,DD,DD,DM,DD,DD,DD,DD,DM,DM,DM,D,D,D
54,M,N of Floessberg,11,73.5,DD,DD,DD,DD,DD,DD,DD,DD,DD,DD,DM,DD,DD,DD,DD,DD,DD,DD,DD,DD,DD,DD,DD,DD,DD,DD,DD,DD,DD,DD,DD,DD,DD,DD,DD,DD,DM,DM,D,D,D
56,F,Borau bei Weissenfels,4,34.2,DD,DD,DD,DD,DD,DD,DD,DD,DD,DD,DD,DD,DD,DD,DD,DD,DD,DD,DD,DD,DD,DD,DD,DD,DD,DD,DD,DD,DD,DD,DD,DD,DD,DD,DD,DD,DD,DD,DD,DD,DD
57,M,Zeitz ,7,42.9,DD,DD,DM,DD,DD,DD,DD,DD,DD,DD,DD,DD,DD,DD,DD,DD,DD,DD,DD,DD,DD,DD,DD,DD,DD,DD,DD,DD,DD,DD,DD,DD,DD,DD,DD,DD,DD,DD,D,D,D
59,M,Dehnitz/Floessberg???,.,.,DD,DM,DD,DD,DD,DM,DD,DD,DM,DD,DM,DD,DD,DD,DD,DD,DD,DM,DD,DM,DD,DD,DD,DM,DD,DD,DD,DD,DD,DD,DM,DM,DD,DD,DD,DD,DD,DD,D,D,D
60,M,Benkendorf bei Salzmuende,2,21,DD,DD,DD,DD,DD,DD,DD,DD,DD,DD,DD,DD,DD,DD,DD,DD,DD,DD,DD,DD,DD,DD,DD,DD,DD,DD,DD,DD,DD,DD,DD,DD,DD,DD,DD,DD,DD,DD,D,D,D
61,F,Lueptitz,17,85.95,DD,DD,DD,DD,DD,DD,DD,DD,DD,DD,DD,DD,DD,DD,MM,MM,DD,DD,DD,DM,DD,DD,DD,DD,DD,DD,MM,DD,DD,DD,DD,DD,DD,DD,DD,DD,DM,DD,DD,DD,DD
62,M,Lueptitz,17,85.95,DD,DD,DD,DD,DD,DD,DD,DD,DD,DD,DD,DD,DD,DM,MM,DM,DD,DD,DD,DM,DD,DD,DD,DD,DD,DD,MM,DD,DD,DD,DD,DD,DD,DD,DD,DD,DM,DD,D,D,D
63,M,Lueptitz,17,85.95,DD,DD,DM,DD,DD,DD,DD,DD,DD,DD,DD,DD,DD,DM,DM,DM,DD,DD,DD,DM,DD,DD,DD,DD,DD,DD,MM,DD,DD,DD,DD,DD,DM,DD,DD,DD,DM,DD,D,D,D
64,F,Lueptitz,17,85.95,DD,DD,DM,DD,DD,DD,DD,DD,DD,DD,DD,DD,DD,DM,MM,MM,DD,DD,DD,DM,DD,DD,DD,DD,DD,DD,DD,DD,DD,DD,DD,.,DD,DD,DD,.,MM,DD,DD,.,.
65,F,Lueptitz,17,85.95,DD,DD,DM,DD,DD,DD,DD,DD,DD,DD,DD,DD,DD,DM,MM,DM,DD,DD,DD,DM,DD,DD,DD,DD,DD,DD,MM,DD,DD,DD,DD,DD,DM,DD,DD,DD,MM,DD,DD,DD,DD
66,F,Lueptitz,17,85.95,DD,DD,DM,DD,DD,DD,DD,DD,DD,DD,DD,DD,DD,DM,MM,DM,DD,DD,DD,.,DD,DD,DD,DD,DD,DD,MM,DD,DD,DD,DD,DD,DM,DD,DD,DD,DM,DD,DD,DD,DD
67,M,Lueptitz,17,85.95,DD,DD,DM,DD,DD,DD,DD,DD,DD,DD,DD,DD,DD,DD,MM,DD,DD,DD,DD,DM,DD,DD,DD,DD,DD,DD,MM,DD,DD,DD,DD,DD,DM,DD,DD,DD,MM,DD,D,D,D
68,F,Lueptitz,17,85.95,DD,DD,DD,DD,DD,DD,DD,DD,DD,DD,DD,DD,DD,DD,DD,DD,DD,DD,.,DD,DD,DD,DD,DD,DD,DD,DD,DD,DD,DD,DD,DD,DD,MM,DD,DD,DD,DD,DD,DD,DD
69,M,Lueptitz,17,85.95,DD,DD,DM,DD,DD,DD,DD,DD,DD,DD,DD,DD,DD,DM,MM,DD,DD,DD,DD,DM,DD,DD,DD,DD,DD,DD,DD,DD,DD,DD,DD,DD,DM,DD,DD,DD,DM,DD,D,D,D
70,M,"Dehnitz bei Wurzen, Family Lehne",15,83.85,DD,DD,DD,DD,DM,DD,DD,MD,DD,DD,DM,DD,DM,DD,DD,DD,DD,DD,DD,MM,DD,DD,DD,DD,DD,DD,DD,DD,DD,DD,DD,DD,DM,DD,DD,DD,DD,DD,D,D,D
71,M,"Dehnitz bei Wurzen, Family Lehne",15,83.85,DD,DD,DD,DD,DD,DM,DD,MD,DM,DD,DD,DD,DD,DD,DD,DD,DD,DM,DD,MM,DD,DD,DM,DM,DD,DD,DD,DD,DD,DD,DD,DD,DM,DD,DD,DD,DD,DD,D,D,D
72,F,"Dehnitz bei Wurzen, Family Lehne",15,83.85,DD,DD,DD,DD,DD,DM,DD,MD,DD,DM,DD,DD,DD,DD,DD,DD,DD,DD,DD,MM,DD,DD,DD,MM,DD,DD,DD,DD,DD,DD,DD,DD,DD,DD,DD,DD,DD,DD,DD,DD,DD
73,F,"Dehnitz bei Wurzen, Family Lehne",15,83.85,DD,DD,DD,DD,DD,DD,DD,MD,DD,DM,DM,DD,DD,DD,DD,DD,DD,DD,DD,MM,DD,DD,DD,DM,DD,DD,DD,DD,DD,DD,DD,DD,DD,DD,DD,DD,DD,DD,DD,DD,DD
74,M,"Dehnitz bei Wurzen, Family Lehne",15,83.85,DD,DD,DD,DD,DD,DD,DD,MD,DD,DD,DM,DD,DD,DD,DD,DD,DD,DD,DD,DM,DD,DD,DM,DD,DD,DD,DD,DD,DD,DD,DD,DD,DD,DD,DD,DD,DD,DD,D,D,D
75,F,"Dehnitz bei Wurzen, NSI",16,83.85,DD,DM,DD,DD,DD,DD,DD,DD,MM,DM,MM,DD,DD,DD,DD,DD,DD,DD,DM,DM,DM,DD,DD,DD,DD,DD,DD,DD,DD,DD,DD,DD,DD,DD,DM,DM,DD,DD,DD,DD,DD
76,M,"Dehnitz bei Wurzen, Family Lehne",15,83.85,DD,DD,DD,DD,DD,DD,DD,DD,DD,DD,DD,DD,DM,DD,DD,DM,DD,DD,DD,DM,DD,DD,DD,DD,DD,DD,DD,DD,DD,DD,DD,DD,DD,DD,DD,DD,DD,DD,D,D,D
78,F,Nissma bei Kayna,9,52.95,DD,DD,DD,DD,DD,DD,DD,DD,DD,DD,DD,DD,DD,DD,DD,DD,DD,DD,DD,MM,DD,DD,DD,DD,DD,DD,DD,DM,DD,DD,DD,DD,DD,DD,DD,DD,DD,DD,DD,DD,DD
79,?,Nissma bei Kayna,9,52.95,DD,DD,DD,DD,DM,DD,DD,DD,DD,DD,DD,DD,DD,DD,DD,DD,DD,DD,.,DM,DD,DM,DD,DD,DD,DD,DD,DD,DD,DD,DD,DD,DD,DD,DD,DD,.,.,.,.,.
80,M,Kamenz OT Wiesa,30,179.1,MM,MM,DM,MM,MM,DM,MM,MM,DM,MM,MM,MM,MM,MM,DM,MM,MM,MM,MM,MM,MM,MM,MM,DM,MM,DM,MM,MM,MM,MM,MM,MM,MM,MM,DM,MM,MM,DM,M,M,M
81,F,Kamenz OT Wiesa,30,179.1,MM,MM,DM,MM,MM,MM,MM,MM,DD,MM,MM,MM,MM,MM,DM,MM,MM,MM,.,MM,DM,MM,MM,DD,MM,DM,MM,MM,MM,DD,MM,MM,DM,MM,DD,MM,MM,MM,MM,MM,MM
82,F,Kamenz OT Wiesa,30,179.1,MM,MM,DM,MM,MM,MM,MM,MM,DM,MM,MM,MM,MM,MM,MM,MM,MM,MM,MM,MM,MM,MM,MM,MM,MM,DM,MM,MM,MM,DM,MM,MM,DD,MM,DD,MM,MM,MM,MM,MM,MM
83,F,Kamenz OT Wiesa,30,179.1,MM,MM,DD,MM,MM,MM,MM,MM,.,MM,MM,MM,MM,MM,MM,MM,MM,MM,MM,MM,MM,MM,MM,DM,MM,DM,MM,MM,MM,MM,MM,MM,MM,MM,MM,MM,MM,DM,MM,MM,MM
84,F,Kamenz OT Wiesa,30,179.1,MM,MM,DM,MM,MM,MM,MM,MM,DM,MM,MM,MM,MM,MM,DD,MM,MM,MM,MM,MM,MM,MM,MM,DM,MM,DM,MM,MM,MM,DD,MM,MM,DM,MM,DM,MM,MM,MM,MM,MM,MM
85,F,Kamenz OT Wiesa,30,179.1,MM,MM,DM,MM,MM,DM,MM,MM,DD,MM,MM,MM,MM,MM,DD,MM,MM,MM,MM,MM,DM,MM,MM,DM,MM,DM,MM,MM,MM,DM,MM,MM,DM,MM,MM,MM,MM,DM,MM,MM,MM
86,F,Pulsnitz,27,172.8,DD,MM,MM,MM,MM,MM,MM,MD,MM,MM,MM,MM,MM,MM,MM,DM,MM,MM,MM,MM,MM,MM,MM,MM,MM,MM,MM,MM,MM,MM,DM,MM,MM,MM,MM,MM,MM,MM,MM,MM,MM
87,F,Manchstafe?/Kamenz,28,178.35,MM,MM,MM,MM,MM,MM,MM,MM,DM,MM,MM,DM,MM,MM,DM,MM,MM,MM,MM,MM,DM,DD,MM,MM,MM,DM,MM,DM,MM,MM,MM,DM,DD,MM,MM,MM,MM,DM,MM,MM,MM
88,M,N of Floessberg,11,73.5,DD,DD,DD,DD,DD,DD,DD,DD,DD,DD,MM,DD,DD,DD,DD,DD,DD,DD,DD,DD,DD,DD,DD,DD,DD,DD,DD,DD,.,DD,DD,DD,DD,DD,DD,DM,DM,DM,D,D,D
89,M,N of Floessberg,11,73.5,DD,DD,DD,DD,DD,DD,MD,MD,DD,DD,DM,DD,DD,DD,DD,DD,DD,DD,DD,MM,DD,DD,DD,DM,DD,DD,DD,DD,DD,DD,DD,DD,DD,DD,DD,DM,DD,DD,M,D,D
90,F,"Trebishain bei Floessberg, Family Stiller",12,76.05,DD,DD,DD,DD,DD,DM,MD,DD,DD,DD,DD,DD,DD,DD,DD,DD,DD,DD,DD,DD,DD,DD,DD,DD,DD,DD,DM,DD,DD,DD,DD,DD,DD,DD,DD,DD,DD,DD,DD,DD,DD
91,F,"Trebishain bei Floessberg, Family Stiller",12,76.05,DD,DD,DD,DD,DD,DD,DD,DD,DD,DD,DD,DD,DD,DD,DD,DD,DD,DD,.,MM,DD,DD,DD,DD,DD,DD,DD,DD,DD,DD,DD,DD,DD,DD,DD,MM,DD,DD,DD,DD,DD
92,M,"Dehnitz bei Wurzen, Family Lehne",15,83.85,DD,DD,DD,DD,DM,DD,DD,DD,DD,DD,DD,DD,DD,DD,DD,DD,DD,DD,.,DM,DD,DD,DD,DD,DD,DD,DD,DD,DD,DD,DD,DD,DD,DD,DD,DD,DD,DD,D,D,D
93,M,"Dehnitz bei Wurzen, Family Lehne",15,83.85,DD,DM,DD,DD,DD,DD,DD,DD,DD,DD,DM,DD,DM,DD,DD,DM,DD,DD,.,MM,DD,DD,DD,DD,DD,DD,DD,DD,DD,DD,DD,DD,DD,DD,DD,DD,DD,DD,D,D,D
94,M,"Dehnitz bei Wurzen, Family Lehne",15,83.85,DM,DD,DD,DD,DD,DM,DD,DM,DM,DD,DM,DD,DM,DD,DD,DD,DD,DD,DD,.,DD,DD,DD,DD,DD,DD,DD,DD,DD,DD,DD,.,DM,DD,DD,.,DD,DD,D,D,.
95,M,"Dehnitz bei Wurzen, Family Lehne",15,83.85,DD,DD,DD,DD,DM,DD,DD,MD,DM,DD,DD,DD,MM,DD,DD,DD,DD,DD,DD,MM,DD,DD,DD,DD,DD,DD,DD,DD,DD,DD,DD,DD,DD,DD,DD,DD,DD,DD,D,D,D
96,F,"Dehnitz bei Wurzen, NSI",16,83.85,DD,DD,DD,DD,DD,DM,DD,DD,DD,DD,DD,DD,DD,DD,DD,DD,DD,DD,DD,DM,DD,DM,DD,DM,DD,DD,DD,DD,DD,DD,DM,DD,DD,DD,DD,DD,DD,DD,DD,DD,DD
97,F,"Trebelshain, E of Wurzen",19,90,DD,DD,DM,DD,DD,DD,MD,MD,DM,DD,DM,DD,DD,DD,DD,DD,MM,DM,DM,DM,DD,DD,DD,DD,MM,DD,DD,DD,DD,DD,DM,DD,DD,DD,DD,DD,DD,DD,DD,DD,DD
98,F,"Trebelshain, E of Wurzen",19,90,DD,DD,DM,DD,DD,DD,MD,MD,DD,DD,MM,DD,DD,DD,DD,DD,DM,DM,DM,DM,DD,DD,DD,DD,DM,DD,DM,DD,DD,DD,DM,DD,DD,DD,DD,DD,DD,DD,DD,DD,DD
101,F,"Trebelshain, E of Wurzen",19,90,DD,DD,DM,DD,DD,DD,MD,MD,DD,DD,DM,DD,DD,DD,DD,DD,MM,MM,DD,MM,DD,DD,DD,DD,MM,DD,DM,DD,DD,DM,MM,DD,DD,DD,DD,DM,DD,DD,DD,DD,DD
102,F,"Trebelshain, E of Wurzen",19,90,DD,DD,DD,DD,DD,DD,MD,MD,DM,DD,DD,DD,DD,DD,DD,DD,DM,DD,DM,MM,DD,DD,DD,DD,DM,DD,DD,DD,DD,DD,DM,DD,DD,DD,DM,DD,DD,DD,DD,DD,DD
103,M,"Trebelshain, E of Wurzen",19,90,DD,DD,DM,DD,DD,DD,MD,MD,DD,DD,DM,DD,DD,DD,DD,DD,DD,DD,DD,MM,DD,DD,DD,DD,DM,DD,DD,DD,DD,MM,MM,DD,DD,DM,DD,DD,DD,DD,D,D,D
104,M,"Trebelshain, E of Wurzen",19,90,DD,DD,DD,DD,DD,DD,DD,DD,DD,DD,MM,DD,DD,DD,DD,DD,DM,MM,MM,DD,DD,DD,DD,DD,DM,DD,DM,DD,DD,MM,MM,DD,DD,DD,DD,MM,DD,DD,D,D,D
105,M,"Trebelshain, E of Wurzen",19,90,DD,DD,DD,DD,DM,DD,MD,MD,DD,DD,MM,DM,DD,DM,DD,DD,DM,DD,DD,MM,DD,DD,DD,DM,DM,DD,DD,DD,DD,DM,DD,DD,DD,DD,DM,DM,DD,DD,D,D,D
106,F,"Trebelshain, E of Wurzen",19,90,DD,DD,DD,DD,DD,DD,DD,DD,DD,DD,MM,DD,DD,DM,DM,DD,DD,DD,DD,DM,DD,DD,DD,DD,DD,DD,DM,DD,DD,MM,MM,DD,DD,DM,DD,DD,DD,DD,DD,DD,DD
107,F,Doellnitz bei Halle; Gut Doellnitz,3,33.6,DD,DD,DD,DD,DD,DD,DD,DD,DD,DD,DD,DD,DD,DD,DD,DD,DD,DD,DD,MM,DD,DD,DD,DD,DD,DD,DD,DD,DD,DD,DD,.,DD,DD,DD,DD,DD,DD,DD,DD,DD
108,M,Doellnitz bei Halle; Gut Doellnitz,3,33.6,DD,DD,DD,DD,DD,DD,DD,DD,DD,DD,DD,DD,DD,DD,DD,DD,DD,DD,DD,MM,DD,DD,DD,DD,DD,DD,DD,DD,DD,DD,DD,DD,DD,DD,DD,DD,DD,DD,D,.,D
109,M,Doellnitz bei Halle; Gut Doellnitz,3,33.6,DD,DD,DD,DD,DD,DD,DD,DD,DD,DD,DD,DD,DD,DD,DD,DD,DD,DD,DD,DD,DD,DD,DD,DD,DD,DD,DD,DD,DD,DD,DD,DD,DD,DD,DD,DD,DD,DD,D,D,D
110,M,Doellnitz bei Halle; Gut Doellnitz,3,33.6,DD,DD,DD,DD,DD,DD,DD,DD,DD,DD,DD,DD,DD,DD,DD,DD,DD,DD,DD,DD,DD,DD,DD,DD,DD,DD,DD,DD,DD,DD,DD,DD,DD,DD,DD,DD,DD,DD,D,D,D
111,F,"Dehnitz bei Wurzen, NSI",16,83.85,DM,DM,DD,DD,DM,DM,DD,DD,MM,DD,DD,DD,DD,DD,DD,DD,DD,DD,DD,DD,.,DD,DD,MM,DD,DD,DD,DD,DM,DD,DD,DD,DD,DD,DD,DD,DD,DD,DD,DD,DD
112,F,"Thallwitz, N of Wurzen",13,81.3,DD,DM,DD,DD,DD,DD,DD,DD,DD,DD,DD,DD,DD,DD,DD,DD,DD,DD,DD,MM,DD,DD,DD,.,DD,DD,DD,DD,DM,DD,DD,DD,DD,DD,DD,DD,DD,DD,DD,DD,DD
113,F,"Thallwitz, N of Wurzen",13,81.3,DD,MM,DD,DD,DD,DD,DD,DD,DD,DD,DD,DD,DD,DD,DD,DD,DM,DM,DD,DD,DD,DD,DD,DD,DD,DD,DD,DD,DM,DD,DD,DD,DD,DD,DD,DD,DD,DD,DD,DD,DD
114,F,"Thallwitz, N of Wurzen",13,81.3,DD,DM,DD,DD,DD,DD,DD,DD,DD,DD,MM,DD,DD,DD,DD,DD,DD,DD,DD,DM,DD,DD,DD,DD,DM,DD,DD,DD,DD,DD,DD,DD,DD,DD,DD,DD,DD,DD,DD,DD,DD
115,M,"Thallwitz, N of Wurzen",13,81.3,DD,DM,DD,DD,DD,DD,DD,DD,DD,DD,DD,DD,DD,DD,DD,DD,DM,DD,DD,DD,DD,DD,DD,DD,DD,DD,DD,DD,DD,DD,DD,DD,DD,DD,DD,DM,DD,DD,D,D,D
116,M,"Thallwitz, N of Wurzen",13,81.3,DD,MM,DD,DD,DD,DD,DD,DD,DD,DD,DD,DD,DD,DD,DD,DD,DD,DD,DD,MM,DD,DD,DD,DD,DD,DD,DD,DD,DM,DD,DD,DD,DD,DD,DD,DD,DD,DD,D,D,D
117,F,"Dehnitz bei Wurzen, NSI",,,DD,DM,DD,DM,DD,DD,DD,DD,DD,DD,DM,DD,DD,DD,DD,DD,DD,DM,DM,DD,DD,DM,DD,DM,DD,DD,DD,DD,DD,DD,DD,DM,DM,DD,DD,DD,DD,DD,DD,DD,DD
118,F,"Dehnitz bei Wurzen, NSI",16,83.85,DM,DM,DD,DD,DD,DM,DD,DD,DM,DD,DD,DD,DD,DD,DD,DD,DD,DD,DM,DM,DD,DD,DD,DM,DD,DD,DD,DD,DM,DD,DD,DD,DD,DD,DD,DD,DD,DD,DD,DD,DD
119,F,"Trebelshain, E of Wurzen",19,90,.,.,DD,.,DD,.,DD,.,.,MM,.,DD,DD,.,DM,.,DD,.,.,.,DM,DD,DD,.,.,DD,DD,DD,.,.,.,DD,.,DD,.,.,.,.,DD,.,.
120,F,Lueptitz,17,85.95,DD,DD,DM,DD,DD,DD,DD,DD,DD,DD,DD,DD,DD,DM,MM,DM,DD,DD,DD,DM,DD,DD,DD,DD,DD,DD,MM,DD,DD,DD,DD,DD,DD,DD,DD,DD,DD,DD,DD,DD,DD
121,F,Lueptitz,17,85.95,DD,DD,DD,DD,DD,DD,DD,DD,DD,DD,DD,DD,DD,DM,MM,DM,DD,DD,DD,DM,DD,DD,DD,DD,DD,DD,DM,DD,DD,DD,DD,DD,DD,DD,DD,DD,DM,DD,DD,DD,DD
122,F,Lueptitz,17,85.95,DD,DD,DD,DD,DD,DD,DD,DD,DD,DD,DD,DD,DD,DM,MM,DM,DM,DD,DD,DM,DD,DD,DD,DD,DD,DD,MM,DD,DD,DD,DD,DD,DD,DD,DD,DD,DD,DD,DD,DD,DD
123,F,Lueptitz,17,85.95,DD,DD,DD,DD,DD,DD,DD,DD,DD,DD,DD,DD,DD,MM,MM,DM,DM,DM,DD,DM,DD,DD,DD,DD,DD,DD,MM,DD,DD,DD,DD,DD,DD,.,DD,DD,DD,DD,DD,DD,DD
124,M,Lueptitz,17,85.95,DD,DD,DM,DD,DD,DD,DD,DD,DD,DD,DD,DD,DD,DM,MM,MM,DD,DD,DD,DM,DD,DD,DD,DD,DD,DD,MM,DD,DD,DD,DD,DD,DD,DD,DD,DD,DD,DD,D,D,D
125,M,Borau bei Weissenfels,4,34.2,DD,DD,DD,DD,DD,DD,DD,DD,DD,DD,DD,DD,DD,DD,DD,DD,DD,DD,DD,DD,DD,DD,DD,DD,DD,DD,DD,DM,DD,DD,DD,DD,DD,DD,DD,DD,DD,DD,D,D,D
126,M,"Trebishain bei Floessberg, Family Stiller",12,76.05,DD,DD,DD,DD,DD,DD,DD,DD,DM,DD,DD,DD,DD,DD,DD,DD,DD,DD,DD,DM,DD,DD,DD,DD,DM,DD,DD,DD,DD,DD,DD,DD,DM,DD,DD,MM,DD,DD,D,D,D
127,M,"Trebishain bei Floessberg, Family Stiller",12,76.05,DD,DM,DD,DD,DD,DM,DD,DD,DD,DD,DD,DD,DD,DD,DD,DD,DD,DM,DD,DD,DD,DD,DD,DD,DD,DM,DM,DD,DD,DD,DD,DD,DD,DD,DD,DD,DD,DD,D,D,D
128,M,"Trebelshain, E of Wurzen",19,90,DD,DD,DM,DD,DD,DD,MD,MD,DD,DD,DM,DD,DD,DD,DD,DD,DD,DM,DD,MM,DD,DD,DD,DD,DM,DD,DM,DD,DD,MM,MM,DD,DD,.,DD,DD,DD,DD,D,D,D
129,F,"Trebelshain, E of Wurzen",19,90,DD,DD,DM,DM,DD,DD,DD,DD,DD,DD,DM,DD,DD,DM,DD,DD,MM,DM,DD,MM,DD,DD,DD,DM,DM,DD,DD,DD,DD,DD,DM,DD,DD,DD,DD,DD,DD,DD,DD,.,DD
130,F,"Trebelshain, E of Wurzen",19,90,DD,MM,DD,MM,DD,DD,DD,DD,DD,DD,DM,DD,DD,DD,DD,DD,DM,MM,DD,MM,DD,DM,DD,DD,DD,DD,DD,DD,DD,DD,DD,DD,DD,DD,DD,DD,DD,DD,DD,DD,DD
131,F,"Trebelshain, E of Wurzen",19,90,DD,DM,DM,DD,DD,DM,DD,DD,DD,DD,MM,DM,DD,DD,DD,DD,DD,MM,DD,DM,DD,DD,MM,DD,DM,DD,DD,DD,DD,DM,DD,DD,DD,DD,DD,DD,DD,DD,DD,DD,DD
132,F,"Trebelshain, E of Wurzen",19,90,DD,DD,DD,DD,DD,DD,DD,MD,DD,DD,MM,DM,DD,DM,DD,DD,DM,DD,MM,DM,DD,DD,DD,DD,DM,DD,DD,DD,DD,DD,DD,DD,DD,DD,DM,DD,DD,DD,DD,DD,DD
133,F,Deutschbaselitz,31,181.5,MM,MM,.,MM,MM,.,.,.,DM,MM,.,DM,DD,DM,MM,MM,MM,MM,MM,.,DD,MM,MM,MM,MM,MM,MM,MM,.,DD,MM,MM,MM,DM,DM,.,.,MM,.,.,.
134,M,"Lohmen, Kastanienalle 57",26,172.5,MM,MM,MM,MM,MM,MM,MD,MD,MM,MM,MM,DD,MM,MM,MM,MM,MM,MM,MM,MM,MM,MM,DM,MM,DM,MM,DM,MM,MM,DD,DM,MM,MM,DD,MM,MM,DM,MM,.,.,.
135,M,Piskowitz,32,184.8,MM,MM,.,MM,MM,.,.,.,MM,MM,.,MM,MM,DM,DM,MM,MM,.,MM,.,DM,DM,MM,.,.,DD,MM,MM,.,MM,DM,MM,MM,.,DD,MM,.,MM,.,.,.
136,M,Piskowitz,32,184.8,MM,DM,MM,MM,DM,MM,MM,MM,MM,MM,DM,MM,MM,MM,MM,DM,MM,MM,MM,MM,MM,MM,MM,DM,MM,DM,MM,MM,MM,MM,MM,MM,MM,DM,MM,DM,MM,MM,.,.,.
137,F,Piskowitz,32,184.8,.,.,MM,MM,MM,MM,.,.,MM,.,.,DM,MM,DM,.,.,MM,MM,MM,.,MM,MM,.,MM,.,DM,MM,MM,DM,DM,MM,MM,MM,.,DM,DM,.,.,.,.,.
138,F,"Kamenz, Museum der Westlausitz",28,178.35,MM,MM,DM,MM,DM,DM,MD,MM,DD,MM,MM,DM,MM,DM,MM,DM,MM,MM,MM,MM,MM,MM,MM,MM,MM,MM,MM,DM,MM,DM,DM,MM,DM,MM,MM,MM,DM,MM,DM,MM,MM
139,F,Lueptitz,17,85.95,DD,DD,DM,DD,DD,DD,DD,DD,DD,DD,DD,DD,DD,DD,MM,DD,DD,DD,DD,DM,DD,DD,DD,DD,DD,DD,DM,DD,DD,DD,DD,DD,DD,DD,DD,DD,DM,DD,DD,DD,DD
140,F,Lueptitz,17,85.95,DD,DD,DD,DD,DD,DD,DD,DD,DD,DD,DD,DD,DD,DD,MM,DM,DM,DM,DD,MM,DD,DD,DD,DD,DD,DD,MM,DD,DD,DD,DD,DD,DD,DD,DD,DD,DM,DD,DD,DD,DD
141,F,Lueptitz,17,85.95,DD,DD,DD,DD,DD,DD,DD,DD,DD,DD,DD,DD,DD,DD,MM,DD,DM,DM,DD,MM,DD,DD,DD,DD,DD,DD,DM,DD,DD,DD,DD,DD,DD,DD,DD,DD,DM,DD,.,.,.
142,M,Lueptitz,17,85.95,DD,DD,DD,DD,DD,DD,DD,DD,DD,DD,DD,DD,DD,DM,MM,DM,DD,DD,DD,MM,DD,DD,DD,DD,DD,DD,MM,DD,DD,DD,DD,DD,DD,DD,DD,DD,DM,DD,D,D,D
143,F,Lueptitz,17,85.95,DD,DD,DM,DD,DD,DD,DD,DD,DD,DD,DD,DD,DD,DD,MM,DM,DD,DD,DD,MM,DD,DD,DD,DD,DD,DD,DM,DD,DD,DD,DD,DD,DD,DD,DD,DD,DD,DD,DD,.,.
144,M,"Dehnitz bei Wurzen, Family Lehne",15,83.85,DD,DD,DD,DD,DD,DM,MD,DD,DD,DD,DM,DD,MM,DD,DD,DD,DD,DD,DD,MM,DD,DD,DD,DD,DD,DD,DD,DD,DD,DD,DD,DD,DM,DD,DD,DD,DD,DD,D,D,D
145,M,"Dehnitz bei Wurzen, Family Lehne",15,83.85,DD,DM,DD,DD,MM,DD,MD,DD,DD,DD,DD,DD,DD,DD,DD,DD,DD,DM,DD,DM,DD,DD,DM,DM,DD,DD,DD,DD,DD,DD,DD,DD,DD,DD,DD,DD,DD,DD,D,D,D
146,M,"Dehnitz bei Wurzen, Family Lehne",15,83.85,DM,DD,DD,DD,DM,DD,DD,DD,DD,DD,DM,DD,DD,DD,DD,DD,DD,MM,DD,DM,DD,DD,DD,DM,DD,DD,DD,DD,DD,DD,DD,DD,DD,DD,DD,DD,DD,DD,D,D,D
147,F,"Dehnitz bei Wurzen, Family Lehne",15,83.85,DD,DD,DD,DD,DM,DD,MD,DD,DM,DD,DM,DD,MM,DD,DD,DD,DD,DD,DD,MM,DD,DD,DD,DM,DD,DD,DD,DD,DD,DD,DD,DD,DD,DD,DD,DD,DD,DD,DD,DD,DD
148,M,"Dehnitz bei Wurzen, Family Lehne",15,83.85,DM,DD,.,DD,DD,DM,MM,DD,DM,DD,DM,DD,MM,DD,DD,DD,DD,DD,DD,MM,DD,DD,DD,DM,DD,DD,DD,DD,DD,DD,DD,DD,DD,DD,DD,DD,DD,DD,D,D,D
149,M,"Dehnitz bei Wurzen, Family Lehne",15,83.85,DD,DD,DD,DD,DM,DD,MM,DD,DD,DD,DD,DD,DD,DD,DD,DD,DD,DD,DD,MM,DD,DD,DM,DM,DD,DD,DD,DD,DD,DD,DD,DD,DD,DD,DD,DD,DD,DD,D,.,D
150,F,"Dehnitz bei Wurzen, Family Lehne",15,83.85,DM,DD,DD,DD,DD,DD,DD,DD,DD,DD,DD,DD,DD,DD,DD,DM,DD,DD,DD,DM,DD,DD,DD,DD,DD,DD,DD,DD,DD,DD,DD,.,DD,DD,DD,DD,DD,DD,DD,DD,DD
151,M,"Dehnitz bei Wurzen, Family Lehne",15,83.85,DD,DM,DD,DD,DM,DD,MM,DD,DD,DM,DM,DD,DD,DD,DD,DD,DD,DD,DD,MM,DD,DD,DD,MM,DD,DD,DD,DD,DD,DD,DD,DD,DD,DD,DD,DD,DD,DD,D,D,D
152,F,"Dehnitz bei Wurzen, Family Lehne",15,83.85,DD,DD,DD,DD,MM,DD,DD,DD,DD,DD,DD,DD,DD,DD,DD,DD,DD,MM,DD,DM,DD,DD,DD,DD,DD,DD,DM,MM,DD,DD,DD,DM,DD,DD,DD,DD,DD,DD,DD,DD,DD
153,M,Lueptitz,17,85.95,DD,DD,DD,DD,DD,DD,DD,DD,DD,DD,DD,DD,DD,DD,DD,DD,DD,DD,DD,DM,DD,DD,DD,DD,DM,DD,DD,DD,DD,DD,DD,DD,DD,DD,DD,DD,DD,DD,D,D,D
154,M,Lueptitz,17,85.95,DD,DD,DD,DD,DD,DD,DD,DD,DD,DD,DD,DD,DD,DM,MM,DM,DM,DM,DD,DM,DD,DD,DD,DD,DD,DD,DM,DD,DD,DD,DD,DD,DD,DD,DD,DD,MM,DD,D,D,D
155,F,Lueptitz,17,85.95,DD,DD,DD,DD,DD,DD,DD,DD,DD,DD,DD,DD,DD,DM,MM,DM,DD,DD,DD,DD,DD,DD,DD,DD,DD,DD,MM,DD,DD,DD,DD,DD,DD,DD,DD,DD,DD,DD,DD,DD,DD
156,F,Lueptitz,17,85.95,DD,DD,DM,DD,DD,DD,DD,DD,DD,DD,DD,DD,DD,DD,MM,DD,DD,DD,DD,DM,DD,DD,DD,DD,DD,DD,MM,DD,DD,DD,DD,DD,DD,DD,DD,DD,DD,DD,DD,DD,DD
157,F,Lueptitz,17,85.95,DD,DD,DM,DD,DD,DD,DD,DD,DD,DD,DD,DD,DD,DD,MM,DM,DD,DD,DD,MM,DD,DD,DD,DD,DD,DD,MM,DD,DD,.,DD,DD,DD,DD,DD,DD,DD,DD,DD,DD,DD
158,F,Lueptitz,17,85.95,DD,DD,DM,DD,DD,DD,DD,DD,DD,DD,DD,DD,DD,MM,MM,MM,DD,DD,DD,DM,DD,DD,DD,DD,DD,DD,MM,DD,DD,DD,DD,DD,DD,DD,DD,DD,DD,DD,DD,DD,DD
159,F,Lueptitz,17,85.95,DD,DD,DD,DD,DD,DD,DD,DD,DD,DD,DD,DD,DD,DD,MM,DM,DM,DD,DD,MM,DD,DD,DD,DD,DD,DD,DM,DD,DD,DD,DD,DD,DD,DD,DD,DD,MM,DD,DD,DD,DD
160,F,Gniebitz bei Trossin,18,86.7,DD,DD,DD,DD,DD,DD,DD,MD,DD,DD,DD,DD,DD,DD,DD,DD,DD,DD,DD,DM,DD,DM,DD,DD,DD,DD,DD,DD,DD,DD,DD,DD,DD,DD,DD,DD,DD,DD,DD,DD,DD
161,M,Gniebitz bei Trossin,18,86.7,DD,DD,DD,DD,DD,DD,DD,DD,DD,DD,DD,DD,DD,DD,DD,DD,DD,DD,DD,MM,DD,DD,DD,DD,DD,DD,DD,DD,DD,DD,DD,DD,DD,DD,DD,DD,DD,DD,D,D,D
162,F,Gniebitz bei Trossin,18,86.7,DD,DD,DD,DD,DD,DD,DD,DD,DD,DD,DD,DD,DD,DD,DD,DD,DD,DD,DD,MM,DD,DM,DD,DD,DD,DD,DD,DD,DD,DD,DD,DD,DD,DD,DD,DD,DD,DD,DD,DD,DD
163,M,Gniebitz bei Trossin,18,86.7,DD,DD,DD,DD,DD,DD,DD,DD,DD,DD,DD,DD,DD,DD,DD,DD,DD,DD,DD,MM,DD,DD,DD,DD,DD,DD,DD,DD,DD,DD,DD,DD,DD,DD,DD,DD,DD,DD,D,D,D
164,F?,Gniebitz bei Trossin,18,86.7,DD,DD,DD,DD,DD,DD,DD,DD,DD,DD,DD,DD,DD,DD,DD,DD,DD,DD,DD,DM,DD,DD,DD,DD,DD,DD,DD,DD,DD,DD,DD,DD,DD,DD,DD,DD,DD,DD,DD,DD,DD
165,F?,Gniebitz bei Trossin,18,86.7,DD,DD,DD,DD,DD,DD,DD,DD,DD,DD,DD,DD,DD,DD,DD,DD,DD,DD,DD,DM,DD,DM,DD,DD,DD,DD,DD,DD,DD,DD,DD,DD,DD,DD,DD,DD,DD,DD,DD,DD,DD
166,M,Gniebitz bei Trossin,18,86.7,DD,DD,DD,DD,DD,DD,DD,MD,DD,DD,DM,DD,DD,DD,DD,DD,DD,DD,DD,MM,DD,DD,DD,DD,DD,DD,DD,DD,DD,DD,DD,DD,DD,DD,DD,DD,DD,DD,D,D,D
167,F,Gniebitz bei Trossin,18,86.7,DD,DD,DD,DD,DD,DD,DD,DD,DD,DD,DD,DD,DD,DD,DD,DD,DD,DD,DD,MM,DD,DD,DD,DD,DD,DD,DD,DD,DD,DD,DD,DD,DD,DD,DD,DD,DD,DD,DD,DD,DD
168,F,Gniebitz bei Trossin,18,86.7,.,DD,DD,DD,DD,DD,DD,MD,DD,DD,DD,DD,DD,DD,DD,DD,DD,DD,DD,MM,DD,DD,DD,DD,DD,DD,DD,DD,DD,DD,DD,DD,DD,DD,DD,DD,DD,DD,DD,DD,DD
169,M,Gniebitz bei Trossin,18,86.7,DD,DD,DD,DD,DD,DD,DD,DD,DD,DD,DD,DD,DD,DD,DD,DD,DD,DD,DD,MM,DD,DD,DD,DD,DD,DD,DD,DD,DD,DD,DD,DD,DD,DD,DD,DD,DD,DD,D,D,D
170,F,Gniebitz bei Trossin,18,86.7,DD,DD,DD,DD,DD,DD,DD,DD,DD,DD,DD,DD,DD,DD,DD,DD,DD,DD,DD,MM,DD,MM,DD,DD,DD,DD,DD,DD,DD,DD,DD,DD,DD,DD,DD,DD,DD,DD,DD,DD,DD
171,F,Gniebitz bei Trossin,18,86.7,DD,DD,DD,DD,DD,DD,DD,MD,DD,DD,DD,DD,DD,DD,DD,DD,DD,DD,DD,MM,DD,DD,DD,DD,DD,DD,DD,DD,DD,DD,DD,DD,DD,DD,DD,DD,DD,DD,DD,DD,DD
172,F,Gniebitz bei Trossin,18,86.7,DD,DD,DD,DD,DD,DD,DD,MD,DD,DD,DD,DD,DD,DD,DD,DD,DD,DD,DD,DM,DD,DD,DD,DD,DD,DD,DD,DD,DD,DD,DD,DD,DD,DD,DD,DD,DD,DD,DD,DD,DD
173,M,"Dehnitz bei Wurzen, NSI",16,83.85,.,DD,DD,DD,DM,DD,DD,DD,DD,DD,DM,DD,MM,DD,DD,DD,DD,DM,DM,DD,DM,DD,DD,DD,DM,DD,DD,DD,DD,DD,DD,DD,DD,DD,DD,DD,DD,DD,D,D,D
174,M,Doellnitz bei Halle; Gut Doellnitz,3,33.6,DD,DD,DD,DD,DD,DD,DD,DD,DD,DD,DD,DD,DD,DD,DD,DD,DD,DD,DD,DM,DD,DD,DD,DD,DD,DD,DD,DD,DD,DD,DD,DD,DD,DD,DD,DD,DD,DD,D,D,D
175,M,"Burgliebenau, S. of Halle",5,36,DD,DD,DD,DD,DD,DD,DD,DD,DD,DD,DD,DD,DD,DD,DD,DD,DD,DD,DD,DD,DD,DD,DD,DD,DD,DD,DD,DD,DD,DD,DD,DD,DD,DD,DD,DD,DD,DD,D,D,D
176,F,"Dehnitz bei Wurzen, Family Lehne",15,83.85,DD,DD,DD,DD,DD,DD,MD,DD,DM,DD,DM,DD,DM,DD,DD,DM,DD,DM,DD,MM,DD,DD,DM,DM,DD,DD,DD,DD,DD,DD,DD,DD,DD,DD,DD,DD,DD,DD,DM,DD,DD
177,M,"Dehnitz bei Wurzen, Family Lehne",15,83.85,DD,DD,DD,DD,DM,MM,DD,DD,DD,DD,DM,DD,DD,DD,DD,DD,DD,DD,DD,DD,DD,DD,DD,DM,DD,DD,MM,DD,DD,DD,DD,DD,DD,DD,DD,DD,DD,DD,D,D,D
178,F,"Dehnitz bei Wurzen, Family Lehne",15,83.85,DD,DD,DD,DD,DM,DD,DD,DD,DD,DD,MM,DD,DM,DD,DD,DD,DD,DD,DD,MM,DD,DD,DM,DD,DD,DD,DD,DD,DD,DD,DD,DD,DD,DD,DD,DD,DD,DD,DM,DD,DD
179,M,"Dehnitz bei Wurzen, Family Lehne",15,83.85,DD,DM,DD,DD,DM,DD,MD,DD,DD,DD,DD,DD,DD,DD,DD,DD,DD,DD,DD,MM,DD,DD,DM,DM,DD,DD,DD,DD,DD,DD,DD,DD,DD,DD,DD,DD,DD,DD,D,D,D
180,M,"Dehnitz bei Wurzen, Family Lehne",15,83.85,DD,DM,DD,DM,DM,DM,DD,DD,DD,DM,DD,DD,DD,DD,DD,DD,DD,DM,DD,DM,DD,DD,DD,DD,DD,DD,DM,DD,DD,DD,DD,DD,DD,DD,DD,DD,DD,DD,D,D,D
181,F,"Dehnitz bei Wurzen, Family Lehne",15,83.85,DD,DD,DD,DD,DD,DD,DD,DD,DD,DD,MM,DD,MM,DD,DD,DD,DD,DD,DD,MM,DD,DD,MM,DD,DD,DD,DD,DD,DD,DD,DD,DD,DD,DD,DD,DD,DD,DD,DM,DD,DD
182,M,"Dehnitz bei Wurzen, Family Lehne",15,83.85,DD,DM,DD,DD,DD,DM,MM,DD,DD,DD,DD,DD,DD,DD,DD,DD,DD,DM,DD,MM,DD,DD,DD,DD,DD,DD,DD,DD,DD,DD,DD,DD,DD,DD,DD,DD,DD,DD,D,D,D
183,M,"Dehnitz bei Wurzen, Family Lehne",15,83.85,DD,DD,DD,DD,DD,DD,DD,DD,DD,DD,MM,DD,MM,DD,DD,DD,DD,DD,DD,MM,DD,DD,DM,DD,DD,DD,DD,DD,DD,DD,DD,DD,DM,DD,DD,DD,DD,DD,M,D,D
184,M,Lueptitz,17,85.95,DD,DD,DD,DD,DD,DD,DD,DD,DD,DD,DD,DD,DD,DM,DD,DD,DD,DD,DD,DM,DD,DD,DD,DD,DD,DD,DD,DM,DD,DD,DD,DD,DD,DM,DD,DD,DD,DD,D,D,D
185,M,Lueptitz,17,85.95,.,DD,DD,DD,DD,DD,DD,DD,DD,DD,DD,DD,DD,DM,DD,DD,DD,DD,DD,DM,DM,DD,DD,DD,DD,DD,DD,DM,DD,DD,DD,DD,DD,DM,DD,DD,DD,DD,D,.,D
186,M,Thallwitz,13,81.3,DD,DD,DD,DD,DD,DD,DD,DD,DD,DD,DD,DD,DD,DD,DD,DD,.,DM,DD,MM,DM,DD,DD,DD,DD,DD,DD,DD,DD,DD,DD,DD,DD,DD,.,DD,DD,DD,D,D,M
187,M,Thallwitz,13,81.3,DD,DD,DD,DD,DD,DD,DD,DD,DD,DD,DD,DD,DD,DD,DD,DD,DD,DD,DD,DD,DD,DD,DD,DD,DM,DD,DD,DD,DD,DD,DD,DD,DD,DD,DD,DD,DD,DD,D,D,D
188,F,Thallwitz,13,81.3,DD,DD,DD,DD,DD,DD,DD,DD,DD,DD,DD,DD,DD,DM,DD,DD,DD,DD,DD,DM,DM,DD,DD,DD,DD,DD,DD,DD,DM,DD,DD,DD,DD,DD,DD,DD,DD,DD,DD,DD,DD
189,M,Thallwitz,13,81.3,DD,DD,DD,DD,DD,DD,DD,DD,DD,DD,DM,DD,DD,DD,DD,DD,DD,DD,DD,DM,DM,DD,DD,DD,DD,DD,DD,DD,DM,DD,DD,DD,DD,DD,DD,DD,DD,DD,D,D,D
190,F,Lueptitz,17,85.95,DD,DD,DD,DD,DD,DD,DD,.,DD,DD,DD,DD,DD,DM,DD,DD,DD,DD,DD,MM,DD,DD,DM,DD,DD,DD,DD,DM,DD,DD,DD,DD,DD,DM,DD,DD,DD,DM,DD,DD,DD
191,M,Grosspoerthen bei Zeitz,8,44.7,DD,DD,DD,DD,DD,DD,DD,.,DD,DD,DD,DD,DD,DD,DD,DD,DD,DD,DD,DD,DD,DD,DD,DD,DD,DD,DD,DD,DD,DD,DD,DD,DD,DD,DD,DD,DD,DD,D,D,D
192,F,Grosspoerthen bei Zeitz,8,44.7,DD,DD,DM,DD,DD,DD,DD,DD,DD,DD,DD,DD,DD,DD,DD,DD,DD,DD,DD,DD,DM,DD,DD,DD,DD,DD,DD,DD,DD,DD,DD,DD,DD,DD,DD,DD,DD,DD,DD,DD,DD
193,F,Grosspoerthen bei Zeitz,8,44.7,DD,DD,DM,DD,DD,DD,DD,DD,DD,DD,DD,DD,DD,DD,DD,DD,DD,DD,DD,DD,DM,DD,DD,DD,DD,DD,DD,DD,DD,DD,DD,DD,DD,DD,DD,DD,DD,DD,DD,DD,DD
194,M,Grosspoerthen bei Zeitz,8,44.7,DD,DD,MM,DD,DD,DD,DD,DD,DD,DD,DD,DD,DD,DD,DD,DD,DD,DD,DD,DD,DM,DD,DD,DD,DD,DD,DD,DD,DD,DD,DD,DD,DD,DD,DD,DD,DD,DD,D,D,D
195,M,"Goerlitz, Tierpark",35,239.25,MM,MM,MM,MM,MM,MM,MM,MM,MM,MM,MM,MM,MM,MM,MM,MM,MM,MM,MM,MM,MM,MM,MM,MM,MM,MM,MM,MM,MM,.,DM,MM,DM,DD,MM,MM,MM,MM,M,M,M
196,F,Friedersdorf bei Goerlitz,34,230.55,MM,MM,MM,MM,MM,MM,MM,MM,MM,MM,MM,MM,MM,MM,MM,MM,MM,MM,MM,MM,MM,MM,MM,MM,MM,MM,MM,MM,MM,DM,MM,MM,DM,MM,MM,MM,MM,DD,MM,MM,MM
197,M,Friedersdorf bei Goerlitz,34,230.55,MM,MM,MM,MM,MM,MM,MM,MM,MM,MM,MM,MM,MM,MM,MM,MM,MM,MM,MM,MM,MM,MM,MM,MM,MM,MM,MM,MM,MM,DM,MM,MM,DM,.,MM,MM,MM,DM,M,M,M
198,F,Skerbersdorf bei Goerlitz,33,227.1,MM,MM,.,MM,MM,MM,MM,MM,DM,MM,MM,MM,MM,DM,MM,MM,DM,MM,MM,MM,DM,DM,MM,MM,MM,MM,MM,MM,MM,MM,MM,MM,DM,MM,DM,MM,MM,DD,MM,MM,MM
199,F,Skerbersdorf bei Goerlitz,33,227.1,MM,MM,MM,MM,MM,DM,MM,MM,DM,MM,MM,MM,MM,MM,DM,MM,DD,MM,MM,MM,DM,DM,MM,MM,MM,MM,MM,MM,MM,MM,MM,MM,DM,MM,DD,MM,MM,DD,MM,MM,MM
200,M,Skerbersdorf bei Goerlitz,33,227.1,MM,MM,MM,MM,MM,DM,MM,MM,DM,MM,MM,MM,MM,DM,DM,MM,DD,MM,MM,MM,MM,DM,MM,MM,MM,MM,MM,MM,MM,MM,MM,MM,DM,MM,DD,MM,MM,DD,M,M,M
201,F,Friedersdorf bei Goerlitz,34,230.55,MM,DM,MM,MM,MM,MM,MM,MM,MM,MM,MM,MM,MM,MM,MM,MM,MM,MM,MM,MM,MM,MM,MM,MM,MM,MM,MM,MM,MM,MM,MM,DM,DD,MM,DM,MM,MM,MD ,MM,MM,MM
202,F,Friedersdorf bei Goerlitz,34,230.55,MM,DM,MM,MM,DM,MM,MM,MM,MM,MM,MM,MM,MM,MM,MM,MM,MM,MM,MM,MM,MM,MM,MM,MM,MM,MM,MM,MM,MM,MM,MM,DM,DM,.,MM,MM,MM,MM,MM,MM,MM
211,F,Remderoda bei Jena,1,0,DD,DD,DD,DD,DD,DD,DD,DD,DD,DD,DD,DD,DD,DD,DD,DD,MM,DD,DD,DD,DD,DD,DD,DD,DD,DD,DD,DD,DD,DD,DD,DD,DD,DD,DD,DD,DD,DD,DD,DD,DD
212,F,Remderoda bei Jena,1,0,DD,DD,DD,DD,DD,DD,DD,DD,DD,DD,DD,DD,DD,DD,DD,DD,DD,DD,DD,DD,DD,DD,DD,DD,DD,DD,DD,DD,DD,DD,DD,DD,DD,DD,.,DD,DD,DD,DD,DD,DD
213,M,Remderoda bei Jena,1,0,DD,DD,.,DD,DD,DD,DD,DD,DD,DD,DD,DD,DD,DD,DD,DD,DD,DD,DD,DD,DD,DD,DD,DD,DD,DD,DD,DD,DD,DD,DD,DD,DD,DD,.,DD,DD,DD,D,D,D
214,F,Remderoda bei Jena,1,0,DD,DD,DD,DD,DD,DD,DD,DD,DD,DD,DD,DD,DD,DD,DD,DD,DD,DD,DD,DD,DD,DD,DD,DD,DD,DD,DD,DD,DD,DD,DD,DD,DD,DD,DD,DD,DD,DD,DD,DD,DD
215,M,Remderoda bei Jena,1,0,DD,DD,.,DD,DD,DD,DD,DD,DD,DD,DD,DD,DD,DD,DD,DD,DD,DD,DD,DD,DD,DD,DD,DD,DD,DD,DD,DD,DD,DD,DD,DD,DD,DD,DD,DD,DD,DD,D,D,D
216,M,Remderoda bei Jena,1,0,DD,DD,DD,DD,DD,DD,DD,DD,DD,DD,DD,DD,DD,DD,DD,DD,DD,DD,DD,DD,DD,DD,DD,DD,DD,DD,DD,DD,DD,DD,DD,DD,DD,DD,DD,DD,DD,DD,D,D,D
217,M,Remderoda bei Jena,1,0,DD,DD,DD,DD,DD,DD,DD,DD,DD,DD,DD,DD,DD,DD,DD,DD,DD,DD,DD,DD,DD,DD,DD,DD,DD,DD,DD,DD,DD,DD,DD,DD,DD,DD,DD,DD,DD,DD,D,D,D
218,F,Remderoda bei Jena,1,0,DD,DD,DD,DD,DD,DD,DD,DD,DD,DD,DD,DD,DD,DD,DD,DD,DD,DD,DD,DD,DD,DD,DD,DD,DD,DD,DD,DD,DD,DD,DD,DD,DD,DD,DD,DD,DD,DD,DD,DD,DD
219,F,Remderoda bei Jena,1,0,DD,DD,DD,DD,DD,DD,DD,DD,DD,DD,DD,DD,DD,DD,DD,DD,DD,DD,DD,DD,DD,DD,DD,DD,DD,DD,DD,DD,DD,DD,DD,DD,DD,DD,DD,DD,DD,DD,DD,DD,DD
220,M,Remderoda bei Jena,1,0,DD,DD,DD,DD,DD,DD,DD,DD,DD,DD,DD,DD,DD,DD,DD,DD,DD,DD,DD,DD,DD,DD,DD,DD,DD,DD,DD,DD,DD,DD,DD,DD,DD,DD,DD,DD,DD,DD,D,D,D
221,M,Remderoda bei Jena,1,0,DD,DD,DD,DD,DD,DD,DD,DD,DD,DD,DD,DD,DD,DD,DD,DD,DD,DD,DD,DD,DD,DD,DD,DD,DD,DD,DD,DD,DD,DD,DD,DD,DD,DD,DD,DD,DD,DD,D,D,D
222,M,Remderoda bei Jena,1,0,DD,DD,DD,DD,DD,DD,DD,DD,DD,DD,DD,DD,DD,DD,DD,DD,DD,DD,DD,DD,DD,DD,DD,DD,DD,DD,DD,DD,DD,DD,DD,DD,DD,DD,DD,DD,DD,DD,D,D,D
223,M,Remderoda bei Jena,1,0,DD,DD,DD,DD,DD,DD,DD,DD,DD,DD,DD,DD,DD,DD,DD,DD,DD,DD,DD,DD,DD,DD,DD,DD,DD,DD,DD,DD,DD,DD,DD,DD,DD,DD,DD,DD,DD,DD,D,D,D
224,F,Remderoda bei Jena,1,0,DD,DD,DD,DD,DD,DD,DD,DD,DD,DD,DD,DD,DD,DD,DD,DD,DD,DD,DD,DD,DD,DD,DD,DD,DD,DD,DD,DD,DD,DD,DD,DD,DD,DD,DD,DD,DD,DD,DD,DD,DD
225,F,Remderoda bei Jena,1,0,DD,DD,DD,DD,DD,DD,DD,DD,DD,DD,DD,DD,DD,DD,DD,DD,DD,DD,DD,DD,DD,DD,DD,DD,DD,DD,DD,DD,DD,DD,DD,DD,DD,DD,DD,DD,DD,DD,DD,DD,DD
226,F,Remderoda bei Jena,1,0,DD,DD,DD,DD,DD,DD,DD,DD,DD,DD,DD,DD,DD,DD,DD,DD,DD,DD,DD,DD,DD,DD,DD,DD,DD,DD,DD,DD,DD,DD,DD,DD,DD,DD,DD,DD,DD,DD,DD,DD,DD
227,F,Remderoda bei Jena,1,0,DD,DD,DD,DD,DD,DD,DD,DD,DD,DD,DD,DD,DD,DD,DD,DD,DD,DD,DD,DD,DD,DD,DD,DD,DD,DD,DD,DD,DD,DD,DD,DD,DD,DD,DD,DD,DD,DD,DD,DD,DD
228,F,Remderoda bei Jena,1,0,DD,DD,DD,DD,DD,DD,DD,DD,DD,DD,DD,DD,DD,DD,DD,DD,DD,DD,DD,DD,DD,DD,DD,DD,DD,DD,DD,DD,DD,DD,DD,DD,DD,DD,DD,DD,DD,DD,DD,DD,DD
229,F,Remderoda bei Jena,1,0,DD,DD,DD,DD,DD,DD,DD,DD,DD,DD,DD,DD,DD,DD,DD,DD,DD,DD,DD,DD,DD,DD,DD,DD,DD,DD,DD,DD,DD,DD,DD,DD,DD,DD,DD,DD,DD,DD,DD,DD,DD
230,M,Remderoda bei Jena,1,0,DD,DD,DD,DD,DD,DD,DD,DD,DD,DD,DD,DD,DD,DD,DD,DD,DD,DD,DD,DD,DD,DD,DD,DD,DD,DD,DD,DD,DD,DD,DD,DD,DD,DD,DD,DD,DD,DD,D,D,D
231,M,Remderoda bei Jena,1,0,DD,DD,DD,DD,DD,DD,DD,DD,DD,DD,DD,DD,DD,DD,DD,DD,DD,DD,DD,DD,DD,DD,DD,DD,DD,DD,DD,DD,DD,DD,DD,DD,DD,DD,DD,DD,DD,DD,D,D,D
232,F,Remderoda bei Jena,1,0,DD,DD,DD,DD,DD,DD,DD,DD,DD,DD,DD,DD,DD,DD,DD,DD,DD,DD,DD,DD,DD,DD,DD,DD,DD,DD,DD,DD,DD,DD,DD,DD,DD,DD,DD,DD,DD,DD,DD,DD,DD
233,F,Remderoda bei Jena,1,0,DD,DD,DD,DD,DD,DD,DD,DD,DD,DD,DD,DD,DD,DD,DD,DD,DD,DD,DD,DD,DD,DD,DD,DD,DD,DD,DD,DD,DD,DD,DD,DD,DD,DD,DD,DD,DD,DD,DD,DD,DD
234,F,Remderoda bei Jena,1,0,DD,DD,DD,DD,DD,DD,DD,DD,DD,DD,DD,DD,DD,DD,DD,DD,DD,DD,DD,DD,DD,DD,DD,DD,DD,DD,DD,DD,DD,DD,DD,DD,DD,DD,DD,DD,DD,DD,DD,DD,DD
235,F,Remderoda bei Jena,1,0,DD,DD,DD,DD,DD,DD,DD,DD,DD,DD,DD,DD,DD,DD,DD,DD,DD,DD,DD,DD,DD,DD,DD,DD,DD,DD,DD,DD,DD,DD,DD,DD,DD,DD,DD,DD,DD,DD,DD,DD,DD
236,F,Remderoda bei Jena,1,0,DD,DD,DD,DD,DD,DD,DD,DD,DD,DD,DD,DD,DD,DD,DD,DD,DD,DD,DD,DD,DD,DD,DD,DD,DD,DD,DD,DD,DD,DD,DD,DD,DD,DD,DD,DD,DD,DD,DD,DD,DD
237,F,Remderoda bei Jena,1,0,DD,DD,DD,DD,DD,DD,DD,DD,DD,DD,DD,DD,DD,DD,DD,DD,DD,DD,DD,DD,DD,DD,DD,DD,DD,DD,DD,DD,DD,DD,DD,DD,DD,DD,DD,DD,DD,DD,DD,DD,DD
238,F,Remderoda bei Jena,1,0,DD,DD,DD,DD,DD,DD,DD,DD,DD,DD,DD,DD,DD,DD,DD,DD,DD,DD,DD,DD,DD,DD,DD,DD,DD,DD,DD,DD,DD,DD,DD,DD,DD,DD,DD,DD,DD,DD,DD,DD,DD
239,M,Remderoda bei Jena,1,0,DD,DD,.,DD,DD,DD,DD,DD,DD,DD,DD,DD,.,DD,DD,DD,DD,DD,DD,DD,DD,DD,DD,DD,DD,DD,DD,DD,DD,DD,DD,DD,DD,DD,DD,DD,DD,DD,D,D,D
240,M,Remderoda bei Jena,1,0,DD,DD,DD,DD,DD,DD,DD,DD,DD,DD,DD,DD,.,DD,DD,DD,DD,DD,DD,DD,DD,DD,DD,DD,DD,DD,DD,DD,DD,DD,DD,DD,DD,DD,.,DD,DD,DD,D,D,D
241,F,Remderoda bei Jena,1,0,DD,DD,DD,DD,DD,DD,DD,DD,DD,DD,DD,DD,DD,DD,DD,DD,DD,DD,DD,DD,DD,DD,DD,DD,DD,DD,DD,DD,DD,DD,DD,DD,DD,DD,DD,DD,DD,DD,DD,DD,DD
242,F,Remderoda bei Jena,1,0,DD,DD,DD,DD,DD,DD,DD,DD,DD,DD,DD,DD,.,DD,DD,DD,DD,DD,DD,DD,DD,DD,DD,DD,DD,DD,DD,DD,DD,DD,DD,.,DD,DD,DD,.,DD,DD,DD,DD,DD
243,F,Remderoda bei Jena,1,0,DD,DD,DD,DD,DD,DD,DD,DD,DD,DD,DD,DD,DD,DD,DD,DD,DD,DD,DD,DD,DD,DD,DD,DD,DD,DD,DD,DD,DD,DD,DD,DD,DD,DD,DD,DD,DD,DD,DD,DD,DD
244,M,Remderoda bei Jena,1,0,DD,DD,DD,DD,DD,DD,DD,DD,DD,DD,DD,DD,DD,DD,DD,DD,DD,DD,DD,DD,DD,DD,DD,DD,DD,DD,DD,DD,DD,DD,DD,DD,DD,DD,DD,DD,DD,DD,D,D,D
245,F,Remderoda bei Jena,1,0,DD,DD,DD,DD,DD,DD,DD,DD,DD,DD,DD,DD,DD,DD,DD,DD,DD,DD,DD,DD,DD,DD,DD,DD,DD,DD,DD,DD,DD,DD,DD,DD,DD,DD,DD,DD,DD,DD,DD,DD,DD
246,M,Borau bei Weissenfels,4,34.2,DD,DD,DD,DD,DD,DD,DD,DD,DD,DD,DD,DD,DD,DD,DD,DD,DD,DD,DD,DD,DD,DD,DD,DD,DD,DD,DD,DD,DD,DD,DD,DD,DD,DD,DD,DD,DD,DD,.,.,.
247,M,"Nissma bei Kayna, east of Altenburg",9,52.95,DD,DD,DD,DD,DD,DD,DD,MD,DD,DD,DD,DD,DD,DD,DD,DD,DD,DD,DD,DD,DD,DD,DD,DD,DD,DD,DD,DD,DD,DD,DD,DD,DD,DD,DD,DD,DD,DD,D,.,.
248,F,Muschwitz bei Weissenfels,6,42.45,DD,DD,DD,DD,DD,DD,DD,DD,DD,DD,DD,DD,DD,DD,DD,DD,DD,DD,DD,MM,DD,DD,DD,DD,DD,DD,DD,DD,DD,DD,DD,DD,DD,.,DD,DD,DD,DD,DD,DD,DD
249,M,Lueptitz,17,85.95,DD,DD,DM,DD,DD,DD,DD,DD,DD,DD,DD,DD,DD,MM,MM,DD,DD,DD,DD,MM,DD,DD,DD,DD,DD,DD,MM,DD,DD,DD,DD,DD,DD,DD,DD,DD,DD,DD,D,D,D
250,F,Lueptitz,17,85.95,DD,DD,DM,DD,DD,DD,DD,DD,DD,DD,DD,DD,DD,DD,MM,MM,DD,DD,DD,DM,DD,DD,DD,DD,DD,DD,MM,DD,DD,DD,DD,DD,DD,DD,DD,DD,DM,DD,DD,DD,DD
251,F,Lueptitz,17,85.95,DD,DD,DD,DD,DD,DD,DD,DD,DD,DD,DD,DD,DD,DD,DM,DM,DM,DM,DD,DM,DD,DD,DD,DD,DD,DD,DD,DM,DD,DD,DD,DD,DD,MM,.,DD,DD,DD,DD,DD,DD
252,F,Lueptitz,17,85.95,DD,DD,DD,DD,DD,DD,DD,DD,DD,DD,DD,DD,DD,DD,DM,DM,MM,DM,DD,DD,DD,DD,DD,DD,DD,DD,DD,DD,DD,DD,DD,DD,DD,DM,DD,DD,DM,DD,DD,DD,DD
253,F,"Troischau, by Rosswein, by Doebeln",24,113.7,MM,DM,MM,MM,MM,DM,MM,MM,DM,MM,MM,DD,MM,MM,DM,DM,MM,MM,MM,MM,MM,MM,MM,MM,MM,DD,DM,DM,MM,MM,MM,MM,DM,DM,.,MM,MM,DD,MM,MM,MM
254,F,"Troischau, by Rosswein, by Doebeln",24,113.7,MM,DM,MM,MM,MM,MM,MM,MM,DM,MM,MM,DD,MM,DM,DM,DD,MM,MM,MM,MM,MM,DM,DM,MM,MM,DM,MM,MM,MM,DM,MM,MM,DM,DM,DM,MM,DM,DD,MM,MM,MM
255,F,"Troischau, by Rosswein, by Doebeln",24,113.7,MM,DM,.,MM,MM,MM,MM,MM,DM,MM,MM,DD,DM,DM,MM,DM,MM,MM,MM,MM,MM,MM,DM,MM,MM,DD,DM,MM,MM,MM,MM,.,MM,MM,MM,MM,MM,DD,MM,MM,MM
256,F,"Troischau, by Rosswein, by Doebeln",24,113.7,DM,DM,MM,MM,MM,DD,MD,MD,DD,MM,MM,DM,DM,MM,MM,DM,MM,MM,MM,MM,MM,DM,MM,MM,MM,DM,DM,MM,MM,MM,MM,MM,MM,DD,DM,DM,MM,DM,MM,MM,MM
257,M,"Troischau, by Rosswein, by Doebeln",24,113.7,MM,MM,MM,MM,MM,MM,MM,MD,DM,MM,MM,MM,DM,DM,DM,DM,MM,MM,MM,MM,MM,MM,DM,MM,MM,DD,DM,MM,MM,MM,MM,MM,DM,MM,DM,DM,MM,DM,M,M,M
258,M,"Troischau, by Rosswein, by Doebeln",24,113.7,MM,DM,MM,MM,MM,MM,MM,MD,DD,MM,MM,DD,MM,DD,DM,DM,MM,MM,MM,MM,MM,MM,DD,MM,MM,DD,DM,MM,MM,MM,MM,DM,DM,DM,MM,MM,MM,DM,M,M,M
259,F,"Troischau, by Rosswein, by Doebeln",24,113.7,MM,DM,MM,MM,MM,DM,MD,MM,DD,MM,MM,DM,MM,DM,MM,DD,MM,MM,MM,MM,MM,DM,DM,MM,MM,DD,MM,DM,DM,MM,MM,MM,DM,DM,DM,MM,MM,DD,MM,MM,MM
260,F,"Troischau, by Rosswein, by Doebeln",24,113.7,MM,MM,MM,MM,MM,MM,MM,MM,DM,MM,MM,DD,DM,DD,DM,DD,MM,MM,MM,MM,MM,DD,DM,MM,MM,DD,MM,MM,DM,MM,MM,MM,DM,MM,MM,DM,MM,DM,MM,MM,MM
261,M,Zschirla,20,91.8,MM,DD,DD,DM,DM,DM,MD,MM,MM,MM,MM,MM,MM,DD,MM,DM,DM,MM,MM,MM,DM,MM,DM,MM,MM,DD,MM,MM,MM,MM,DM,DD,MM,MM,DM,DM,MM,MM,D,M,M
262,M,Lueptitz,17,85.95,DD,DD,.,DD,DD,DD,DD,DD,DD,DD,DM,DD,DM,DD,DD,DM,DD,DD,DD,DD,DD,DD,DD,DD,DM,DD,DD,DD,DD,DD,DD,DD,DM,DD,DD,DD,DD,DD,D,D,M
263,F,"Hohenlauft, by Rosswein, by Doebeln",23,112.8,MM,DM,DM,MM,DM,DM,MM,MM,MM,MM,MM,DD,DD,MM,MM,MM,MM,MM,MM,MM,MM,MM,MM,MM,MM,DD,DD,MM,MM,MM,MM,MM,MM,DD,MM,MM,MM,DM,MM,MM,MM
264,F,"Hohenlauft, by Rosswein, by Doebeln",23,112.8,MM,MM,DM,MM,DM,MM,MM,MD,MM,MM,MM,DM,DD,MM,MM,MM,MM,MM,MM,MM,MM,MM,MM,MM,MM,DM,MM,MM,DM,MM,MM,MM,MM,DD,MM,MM,MM,DM,MM,MM,MM
265,F,"Hohenlauft, by Rosswein, by Doebeln",23,112.8,MM,DM,DD,MM,DD,DM,MM,MD,DM,MM,MM,DM,.,MM,MM,DM,MM,MM,MM,MM,MM,MM,MM,MM,DM,DD,DM,MM,MM,MM,MM,DM,MM,DD,MM,MM,MM,DM,MM,MM,MM
266,M,"Hohenlauft, by Rosswein, by Doebeln",23,112.8,MM,MM,MM,MM,MM,MM,MM,DD,MM,MM,MM,DM,DM,MM,DM,MM,DM,MM,MM,MM,MM,MM,MM,MM,MM,DD,DD,MM,DM,DM,MM,MM,MM,DD,MM,MM,MM,MM,M,M,M
267,F,"Hohenlauft, by Rosswein, by Doebeln",23,112.8,MM,MM,MM,MM,DM,MM,MM,MM,MM,MM,MM,DD,DD,MM,MM,MM,DM,MM,MM,MM,MM,MM,MM,MM,MM,DM,DM,MM,MM,MM,MM,DM,MM,DD,DM,MM,MM,DM,MM,MM,MM
268,F,"Hohenlauft, by Rosswein, by Doebeln",23,112.8,MM,DM,DM,MM,MM,MM,MM,MD,DM,MM,MM,DM,DD,MM,MM,DM,MM,MM,MM,MM,MM,MM,MM,MM,MM,DM,DM,MM,MM,MM,MM,DM,MM,DD,MM,MM,MM,DM,MM,MM,MM
269,F,"Hohenlauft, by Rosswein, by Doebeln",23,112.8,MM,DM,DM,MM,DM,MM,MM,MD,MM,MM,MM,DD,DD,MM,MM,DM,MM,MM,MM,MM,MM,MM,MM,MM,MM,DD,DD,MM,MM,MM,MM,MM,MM,DM,MM,MM,MM,DM,MM,MM,MM
270,M,"Hohenlauft, by Rosswein, by Doebeln",23,112.8,DM,MM,MM,MM,DM,DM,MM,MD,DM,DM,DM,DM,DM,MM,MM,DM,MM,MM,MM,MM,MM,MM,MM,MM,DM,DD,DM,MM,MM,MM,MM,DM,MM,DD,MM,MM,MM,DD,M,M,M
271,F,"Dehnitz bei Wurzen, Family Lehne",15,83.85,DD,DM,DD,DD,DD,DM,DD,MD,DM,DM,MM,DD,DM,DD,DD,DD,DD,DM,DD,MM,DD,DD,DM,DD,DD,DM,DD,DD,DD,DD,DD,DD,DD,DD,DD,DD,DD,DD,DD,DD,DD
272,M,"Dehnitz bei Wurzen, Family Lehne",15,83.85,DD,DM,DD,DD,DD,DM,DD,MD,DM,DM,DD,DD,DM,DD,DD,DM,DD,DM,DD,MM,DD,DD,DD,DM,DD,DD,DD,DD,DD,DD,DD,DD,DD,DD,DD,DD,DD,DD,D,D,D
273,F,"Dehnitz bei Wurzen, Family Lehne",15,83.85,DD,DD,DD,DD,DM,DD,DD,DD,DD,DD,DM,DD,DD,DD,DD,DD,DD,DD,DD,MM,DD,DD,DM,DD,DD,DD,DD,DD,DD,DD,DD,DD,DD,DD,DD,DD,DD,DD,MM,DD,DD
274,F,"Dehnitz bei Wurzen, Family Lehne",15,83.85,DD,DD,DD,DD,DD,DM,DD,MD,DD,DD,DM,DD,.,DD,DD,DM,DD,DM,DD,MM,DD,DD,DM,DM,DD,DD,DD,DD,DD,DD,DD,DD,DD,DD,DD,DD,DD,DD,DM,DD,DD
275,M,"Troischau, by Rosswein, by Doebeln",24,113.7,MM,MM,MM,MM,MM,DM,MD,DD,DM,MM,MM,DM,MM,MM,MM,DM,MM,MM,MM,MM,DM,MM,DM,MM,DM,DD,DD,MM,MM,DM,MM,MM,MM,MM,DM,DM,DM,DM,M,M,M
276,F,"Troischau, by Rosswein, by Doebeln",24,113.7,DM,DM,.,MM,MM,DM,DD,MD,DD,MM,MM,DM,MM,DM,MM,DD,MM,MM,MM,MM,DM,DM,MM,MM,DM,.,DM,DM,DM,DM,MM,MM,MM,MM,MM,DM,MM,DM,MM,MM,MM
277,M,"Troischau, by Rosswein, by Doebeln",24,113.7,DM,DM,MM,MM,MM,DM,MD,MD,DD,MM,MM,DD,MM,MM,MM,MM,MM,MM,MM,MM,DM,MM,DM,MM,MM,DD,DM,MM,MM,DM,MM,MM,MM,MM,MM,DM,MM,MM,M,M,M
278,F,"Troischau, by Rosswein, by Doebeln",24,113.7,MM,DD,.,MM,DM,DM,MM,MD,DM,MM,MM,DM,MM,MM,DM,MM,DM,MM,MM,MM,DM,MM,DM,MM,MM,DD,DM,DM,DM,DM,MM,DM,MM,DM,MM,DM,MM,MM,MM,MM,MM
279,M,"Troischau, by Rosswein, by Doebeln",24,113.7,DM,DM,MM,MM,MM,DM,MD,DD,DD,MM,MM,DM,DM,MM,MM,DM,MM,MM,MM,MM,DM,MM,MM,MM,DM,DM,DD,MM,MM,DM,MM,MM,MM,DM,MM,DD,MM,MM,M,M,M
280,F,"Dehnitz bei Wurzen, Family Lehne",15,83.85,DD,DD,DD,DD,DD,DD,DD,DD,DD,DD,MM,DD,MM,DD,DD,DD,DD,DD,DD,MM,DD,DD,MM,DD,DD,DD,DD,DD,DD,DD,DD,DD,DM,DD,DD,DD,DD,DD,DM,.,DD
281,F,"Troischau, by Rosswein, by Doebeln",24,113.7,DM,DM,MM,MM,MM,DM,MD,MD,DD,MM,MM,DM,MM,MM,MM,DD,MM,MM,MM,MM,DM,MM,DM,MM,MM,MM,DM,MM,MM,DM,MM,MM,MM,MM,MM,DM,MM,MM,MM,MM,MM
282,F,"Troischau, by Rosswein, by Doebeln",24,113.7,MM,MM,MM,MM,MM,MM,MM,MD,DD,MM,MM,DD,MM,DD,DM,DD,MM,MM,MM,MM,MM,MM,DM,MM,MM,DD,DM,.,MM,DM,MM,DM,DM,DD,MM,MM,MM,.,.,.,.
283,F,"Troischau, by Rosswein, by Doebeln",24,113.7,MM,DM,MM,MM,MM,MM,MM,MD,DM,MM,MM,DM,MM,MM,DM,DD,MM,MM,MM,MM,.,DD,DD,MM,MM,DD,DM,DM,DM,MM,MM,DM,DM,DM,DM,MM,MM,DM,MM,MM,MM
284,F,Lueptitz,17,85.95,DD,DD,DD,DD,DD,DD,DD,DD,DM,DD,DM,DD,DD,DD,DD,DD,DD,DM,DD,DD,DD,DD,DD,DD,DD,DD,DM,DD,DD,DD,DD,DD,DD,DD,DD,DD,DD,DD,DD,DD,DD
285,F,Lueptitz,17,85.95,DD,.,DD,DD,DD,DD,DD,DD,DD,DD,DD,DD,DD,DM,DD,DD,DD,DD,DD,DM,DD,DD,DD,DD,DD,DD,DD,DM,DD,DD,DD,DM,DD,DM,DD,DD,DD,DM,DD,DD,DD
286,M,Lueptitz,17,85.95,DD,DD,DD,DD,DD,DD,DD,DD,DD,DD,DD,DD,DD,DM,DD,DD,DD,DD,DD,DM,DD,DD,DD,DD,DD,DD,DD,DM,DD,DD,DD,DM,DD,DM,DD,DD,DD,DM,D,.,D
287,F,Gniebitz bei Trossin,18,86.7,DD,DD,DD,DD,DD,DD,DD,DD,DD,DD,DM,DD,DD,DD,DD,DM,DD,DD,DD,MM,DD,DM,DD,DD,DD,DD,DD,DD,DD,DD,DD,DD,DD,DD,DD,DD,DD,DD,DD,DD,DD
288,M,Gniebitz bei Trossin,18,86.7,DD,DD,DD,DD,DD,DD,DD,DD,DD,DD,DD,DD,DD,DD,DD,DD,DD,DD,DD,DM,DD,DM,DD,DD,DD,DD,DD,DD,DD,DD,DD,DD,DD,DD,DD,DD,DD,DD,D,D,D
289,M,Gniebitz bei Trossin,18,86.7,DD,DD,DD,DD,DD,DD,MD,DD,DD,DD,DD,DD,DD,DD,DD,DD,DD,DD,DD,DM,DD,DD,DD,DD,DD,DD,DD,DD,DD,DD,DD,DD,DD,DD,DD,DD,DD,DD,D,D,D
290,M,Gniebitz bei Trossin,18,86.7,DD,DD,DD,DD,DD,DD,DD,DD,DD,DD,DD,DD,DD,DD,DD,DD,DD,DD,DD,DM,DD,DM,DD,DD,DD,DD,DD,DD,DD,DD,DD,DD,DD,DD,DD,DD,DD,DD,D,D,D
291,M,Gniebitz bei Trossin,18,86.7,DD,DD,DD,DD,DD,DD,DD,DD,DD,DD,DM,DD,DD,DD,DD,DM,DD,DD,DD,DD,DD,DM,DD,DD,DD,DD,DD,DD,DD,DD,DD,DD,DD,DD,DD,DD,DD,DD,D,D,D
292,F,Gniebitz bei Trossin,18,86.7,DD,DD,DD,DD,DD,DD,DD,DD,DD,DD,DD,DD,DD,DD,DD,DD,DD,DD,DD,MM,DD,DD,DD,DD,DD,DD,DD,DD,DD,DD,DD,DD,DD,DD,.,DD,DD,DD,DD,DD,DD
293,M,Gniebitz bei Trossin,18,86.7,DD,DD,DD,DD,DD,DD,MD,DD,DD,DD,.,DD,DD,DD,DD,DD,DD,DD,DD,.,DD,DM,DD,DD,DD,DD,DD,DD,DD,DD,DD,DD,DD,DD,DD,DD,DD,DD,D,.,D
294,M,Gniebitz bei Trossin,18,86.7,DD,DD,DD,DD,DD,DD,DD,DD,DD,DD,DD,DD,DD,DD,DD,DM,DD,DD,DD,DD,DD,DD,DD,DD,DD,DD,DD,DD,DD,DD,DD,DD,DD,DD,DD,DD,DD,DD,D,D,D
295,M,Gniebitz bei Trossin,18,86.7,DD,DD,DD,DD,DD,DD,MD,DD,DD,DD,.,DD,DD,DD,DD,DD,DD,DD,DD,.,.,DD,DD,.,DD,DD,DD,DD,DD,DD,DD,DD,DD,DD,DD,DD,.,DD,D,.,D
296,M,Gniebitz bei Trossin,18,86.7,DD,DD,DD,DD,DD,DD,DD,DD,DD,DD,DD,DD,DD,DD,DD,DD,DD,DD,DD,DM,DD,DM,DD,DD,DD,DD,DD,DD,DD,DD,DD,DD,DD,DD,DD,DD,DD,DD,D,D,D
297,M,Gniebitz bei Trossin,18,86.7,DD,DD,DD,DD,DD,DD,DD,DD,DD,DD,DD,DD,DD,DD,DD,DD,DD,DD,DD,MM,DD,DM,DD,DD,DD,DD,DD,DD,DD,DD,DD,.,DD,DD,DD,DD,DD,DD,D,D,D
298,M,Gniebitz bei Trossin,18,86.7,DD,DD,DD,DD,DD,DD,DD,DD,DD,DD,DM,DD,DD,DD,DD,DM,DD,DD,DD,DM,DD,MM,DD,DD,DD,DD,DD,DD,DD,DD,DD,DD,DD,DD,DD,DD,DD,DD,D,D,D
299,?,Gniebitz bei Trossin,18,86.7,DD,DD,DD,DD,DD,DD,DD,DD,DD,DD,DD,DD,DD,DD,DD,DD,DD,DD,DD,MM,DD,DD,DD,DD,DD,DD,DD,DD,DD,DD,DD,DD,DD,DD,DD,DD,DD,DD,D,D,D
300,M,Gniebitz bei Trossin,18,86.7,DD,DD,DD,DD,DD,DD,DD,DD,DD,DD,DD,DD,DD,DD,DD,DD,DD,DD,DD,MM,DD,DM,DD,DD,DD,DD,DD,DD,DD,DD,DD,DD,DD,DD,DD,DD,DD,DD,D,D,D
301,M,Gniebitz bei Trossin,18,86.7,DD,DD,DD,DD,DD,DD,MD,DD,DD,DD,DD,DD,DD,DD,DD,DD,DD,DD,DD,MM,DD,DD,DD,DD,DD,DD,DD,DD,DD,DD,DD,DD,DD,DD,DD,DD,DD,DD,D,D,D
302,F,Gniebitz bei Trossin,18,86.7,DD,DD,DD,DD,DD,DD,DD,DD,DD,DD,DD,DD,DD,DD,DD,DD,DD,DD,DD,MM,DD,DD,DD,DD,DD,DD,DD,DD,DD,DD,DD,DD,DD,DD,DD,DD,DD,DD,DD,DD,DD
303,F,Gniebitz bei Trossin,18,86.7,DD,DD,DD,DD,DD,DD,DD,DD,DD,DD,DD,DD,DD,DD,DD,DD,DD,DD,DD,DD,DD,MM,DD,DD,DD,DD,DD,DD,DD,DD,DD,DD,DD,DD,DD,DD,DD,DD,DD,DD,DD
304,M,Gniebitz bei Trossin,18,86.7,DD,DD,DD,DD,DD,DD,DD,DD,DD,DD,DD,DD,DD,DD,DD,DD,DD,DD,DD,MM,DD,DD,DD,DD,DD,DD,DD,DD,DD,DD,DD,DD,DD,DD,DD,DD,DD,DD,D,D,D
305,M,Gniebitz bei Trossin,18,86.7,DD,DD,DD,DD,DD,DD,DD,DD,DD,DD,DD,DD,DD,DD,DD,DD,DD,DD,DD,MM,DD,DD,DD,DD,DD,DD,DD,DD,DD,DD,DD,DD,DD,DD,DD,DD,DD,DD,D,D,D
306,M,Gniebitz bei Trossin,18,86.7,DD,DD,.,DD,DD,DD,DD,DD,DD,DD,DD,DD,DD,DD,DD,DD,DD,DD,DD,MM,DD,DM,DD,DD,DD,DD,DD,DD,DD,DD,DD,.,DD,DD,DD,DD,DD,DD,D,D,D
307,M,Gniebitz bei Trossin,18,86.7,DD,DD,DD,DD,DD,DD,DD,DD,DD,DD,DD,DD,DD,DD,DD,DD,DD,DD,DD,DM,DD,DM,DD,DD,DD,DD,DD,DD,DD,DD,DD,DD,DD,DD,DD,DD,DD,DD,D,D,D
308,M,Gniebitz bei Trossin,18,86.7,DD,DD,DD,DD,DD,DD,MD,DD,DD,DD,DD,DD,DD,DD,DD,DD,DD,DD,DD,DM,DD,DM,DD,DD,DD,DD,DD,DD,DD,DD,DD,DD,DD,DD,DD,DD,DD,DD,.,D,D
309,F,Gniebitz bei Trossin,18,86.7,DD,DD,DD,DD,DD,DD,DD,DD,DD,DD,DM,DD,DD,DD,DD,DM,DD,DD,DD,DM,DD,DD,DD,DD,DD,DD,DD,DD,DD,DD,DD,DD,DD,DD,DD,DD,DD,DD,DD,DD,DD
310,M,Gniebitz bei Trossin,18,86.7,DD,DD,DD,DD,DD,DD,DD,DD,DD,DD,DD,DD,DD,DD,DD,DM,DD,DD,DD,DM,DD,DM,DD,DD,DD,DD,DD,DD,DD,DD,DD,DD,DD,DD,DD,DD,DD,DD,D,D,D
311,M,Gniebitz bei Trossin,18,86.7,.,DD,DD,DD,DD,DD,DD,DD,DD,DD,DD,DD,DD,DD,DD,DD,DD,DD,DD,DM,DD,DD,DD,DD,DD,DD,DD,DD,DD,DD,DD,DD,DD,DD,DD,DD,DD,DD,D,D,D
312,M,Gniebitz bei Trossin,18,86.7,DD,DD,DD,DD,DD,DD,MD,DD,DD,DD,DD,DD,DD,DD,DD,DD,DD,DD,DD,DM,DD,MM,DD,DD,DD,DD,DD,DD,DD,DD,DD,DD,DD,DD,DD,DD,DD,DD,D,D,D
313,F,Gniebitz bei Trossin,18,86.7,DD,DD,DD,DD,DD,DD,DD,DD,DD,DD,DD,DD,DD,DD,DD,DM,DD,DD,DD,DD,DD,DD,DD,DD,DD,DD,DD,DD,DD,DD,DD,DD,DD,DD,DD,DD,DD,DD,DD,DD,DD
314,M,Gniebitz bei Trossin,18,86.7,DD,DD,DD,DD,DD,DD,MD,DD,DD,DD,DD,DD,DD,DD,DD,DD,DD,DD,DD,DM,DD,DD,DD,DD,DD,DD,DD,DD,DD,DD,DD,DD,DD,DD,DD,DD,DD,DD,D,D,D
315,M,Gniebitz bei Trossin,18,86.7,DD,DD,DD,DD,DD,DD,DD,DD,DD,DD,DD,DD,DD,DD,DD,DD,DD,DD,DD,DM,DD,DD,DD,DD,DD,DD,DD,DD,DD,DD,DD,DD,DD,DD,DD,DD,DD,DD,D,D,D
316,F,Gniebitz bei Trossin,18,86.7,DD,DD,DD,DD,DD,DD,DD,DD,DD,DD,DM,DD,DD,DD,DD,DM,DD,DD,DD,MM,DD,DM,DD,DD,DD,DD,DD,DD,DD,DD,DD,.,DD,DD,DD,DD,DD,DD,DD,DD,DD
317,M,Gniebitz bei Trossin,18,86.7,DD,DD,DD,DD,DD,DD,DD,DD,DD,DD,DM,DD,DD,DD,DD,DD,DD,DD,DD,MM,DD,DM,DD,DD,DD,DD,DD,DD,DD,DD,DD,DD,DD,DD,DD,DD,DD,DD,D,D,D
318,M,Gniebitz bei Trossin,18,86.7,DD,DD,.,DD,DD,DD,MD,DD,DD,DD,DD,DD,DD,DD,DD,DD,DD,DD,DD,.,DD,DD,DD,DD,DD,DD,DD,DD,DD,DD,DD,DD,DD,DD,DD,DD,DD,DD,D,D,D
319,F,Gniebitz bei Trossin,18,86.7,.,DD,DD,DD,DD,DD,MD,DD,DD,DD,.,DD,DD,DD,DD,.,DD,DD,.,.,DD,DM,DD,DD,DD,DD,.,DD,DD,.,.,DD,DD,DD,DD,DD,DD,.,DD,DD,DD
320,F,Gniebitz bei Trossin,18,86.7,DD,DD,DD,DD,DD,DD,DD,DD,DD,DD,DD,DD,DD,DD,DD,DD,DD,DD,DD,DM,DD,DM,DD,DD,DD,DD,DD,DD,DD,DD,DD,DD,DD,DD,DD,DD,DD,DD,DD,DD,DD
321,?,Gniebitz bei Trossin,18,86.7,DD,DD,DD,DD,DD,DD,DD,DD,DD,DD,DM,DD,DD,DD,DD,DM,DD,DD,DD,DM,DD,DM,DD,DD,DD,DD,DD,DD,DD,DD,DD,DD,DD,DD,DD,DD,DD,DD,D,D,D
322,F,Gniebitz bei Trossin,18,86.7,DD,DD,DD,DD,DD,DD,DD,DD,DD,DD,DD,DD,DD,DD,DD,DD,DD,DD,DD,MM,DD,DM,DD,DD,DD,DD,DD,DD,DD,DD,DD,DD,DD,DD,DD,DD,DD,DD,DD,DD,DD
323,M,Gniebitz bei Trossin,18,86.7,DD,DD,DD,DD,DD,DD,DD,DD,DD,DD,DD,DD,DD,DD,DD,DD,DD,DD,DD,.,DD,DM,DD,DD,DD,DD,DD,DD,DD,DD,DD,DD,DM,DD,DD,DD,DD,DD,D,.,D
324,F,Gniebitz bei Trossin,18,86.7,.,.,DD,.,.,.,MM,.,DD,DD,.,.,DD,.,DD,.,DD,.,.,.,DM,DM,DD,.,DD,.,DD,DD,.,.,.,DD,DD,.,DD,.,.,.,.,.,.
325,F,Gniebitz bei Trossin,18,86.7,DD,DD,DD,DD,DD,DD,DD,DD,DD,DD,DD,DD,DD,DD,DD,DD,DD,DD,DD,.,DD,MM,DD,DD,DD,DD,DD,DD,DD,DD,DD,DD,DD,DD,DD,DD,DD,DD,.,.,.
326,M,Gniebitz bei Trossin,18,86.7,DD,DD,DD,DD,DD,DD,DD,DD,DD,DD,DD,DD,DD,DD,DD,DD,DD,DD,.,MM,DD,DD,DD,DD,DD,DD,DD,DD,DD,DD,DD,DD,DD,DD,DD,DD,DD,DD,.,.,.
327,F,Gniebitz bei Trossin,18,86.7,DD,DD,DD,DD,DD,DD,DD,DD,DD,DD,DD,DD,DD,DD,DD,DD,DD,DD,DD,.,DD,DD,DD,DD,DD,DD,DD,DD,DD,DD,DD,DD,DD,DD,DD,DD,DD,DD,.,.,.
328,M,Gniebitz bei Trossin,18,86.7,DD,DD,.,DD,DD,DD,DD,DD,DD,DD,DD,DD,DD,DD,DD,DD,DD,DD,DD,MM,DD,DM,DD,DD,DD,DD,DD,DD,DD,DD,DD,DD,DD,DD,DD,DD,DD,DD,D,.,D
329,M,Gniebitz bei Trossin,18,86.7,DD,DD,DD,DD,DD,DD,MM,DD,DD,DD,DD,DD,DD,DD,DD,DD,DD,DM,DD,DD,DD,MM,DD,DD,DD,DD,DD,DD,DD,DD,DD,DD,DD,DD,DD,DD,DD,DD,D,D,D
330,M,Gniebitz bei Trossin,18,86.7,DD,DD,DD,DD,DD,DD,DD,DD,DD,DD,DD,DD,DD,DD,DD,DD,DD,DD,DD,MM,DD,DM,DD,DD,DD,DD,DD,DD,DD,DD,DD,DD,DD,DD,DD,DD,DD,DD,.,.,D
331,F,Gniebitz bei Trossin,18,86.7,DD,DD,DD,DD,DD,DD,MD,DD,DD,DD,DD,DD,DD,DD,DD,DD,DD,DD,DD,DM,DD,DD,DD,DD,DD,DD,DD,DD,DD,DD,DD,DD,DD,DD,DD,DD,DD,DD,DD,.,.
332,F,Gniebitz bei Trossin,18,86.7,DD,DD,DD,DD,DD,DD,MD,DD,DD,DD,DD,DD,DD,DD,DD,DD,DD,DD,DD,DD,DD,DD,DD,DD,DD,DD,DD,DD,DD,DD,DD,DD,DD,DD,DD,DD,DD,DD,DD,DD,DD
333,F,Gniebitz bei Trossin,18,86.7,DD,DD,DD,DD,DD,DD,DD,DD,DD,DD,DD,DD,DD,DD,DD,DD,DD,DD,DD,MM,DD,DM,DD,DD,DD,DD,DD,DD,DD,DD,DD,DD,DD,DD,DD,DD,DD,DD,DD,DD,DD
334,F,Gniebitz bei Trossin,18,86.7,DD,DD,DD,DD,DD,DD,DD,DD,DD,DD,DD,DD,DD,DD,DD,.,DD,DD,.,.,DD,DM,DD,DD,DD,DD,DD,DD,DD,DD,DD,DD,DD,DD,,DD,.,.,DD,DD,DD
335,F,Gniebitz bei Trossin,18,86.7,DD,DD,DD,DD,DD,DD,MD,DD,DD,DD,DD,DD,DD,DD,DD,DD,DD,DD,DD,MM,DD,MM,DD,DD,DD,DD,DD,DD,DD,DD,DD,,DD,DD,DD,DD,DD,DD,DD,DD,DD
336,M,Gniebitz bei Trossin,18,86.7,DD,DD,DD,DD,DD,DD,MD,DD,DD,DD,DD,DD,DD,DD,DD,DM,DD,DD,DD,DD,DD,DD,DD,DD,DD,DD,DD,DD,DD,DD,DD,DD,DD,DD,DD,DD,DD,DD,D,D,D
337,F,Gniebitz bei Trossin,18,86.7,DD,DD,DD,DD,DD,DD,DD,DD,DD,DD,DD,DD,DD,DD,DD,DD,DD,DD,DD,MM,DD,DD,DD,DD,DD,DD,DD,DD,DD,DD,DD,DD,DD,DD,DD,DD,DD,DD,DD,DD,DD
338,F,Gniebitz bei Trossin,18,86.7,DD,DD,DD,DD,DD,DD,DD,DD,DD,DD,DD,DD,DD,DD,DD,DD,DD,DD,DD,DM,DD,DD,DD,DD,DD,DD,DD,DD,DD,DD,DD,DD,DD,DD,DD,DD,DD,DD,DD,DD,DD
339,F,Gniebitz bei Trossin,18,86.7,DD,DD,DD,DD,DD,DD,DD,DD,DD,DD,DD,DD,DD,DD,DD,DD,DD,DD,DD,MM,DD,DD,DD,DD,DD,DD,DD,DD,DD,DD,DD,DD,DD,DD,,DD,DD,DD,DD,DD,DD
340,M,Gniebitz bei Trossin,18,86.7,DD,DD,DD,DD,DD,DD,DD,DD,DD,DD,DD,DD,DD,DD,DD,DD,DD,DD,DD,DM,DD,DD,DD,DD,DD,DD,DD,DD,DD,DD,DD,DD,DD,DD,,DD,DD,DD,D,D,D
341,M,Gniebitz bei Trossin,18,86.7,DD,DD,DD,DD,DD,DD,DD,DD,DD,DD,DD,DD,DD,DD,DD,DD,DD,DD,DD,MM,DD,DD,DD,DD,DD,DD,DD,DD,DD,DD,DD,DD,DD,DD,,DD,DD,DD,D,D,D
342,M,Gniebitz bei Trossin,18,86.7,DD,DD,DD,DD,DD,DD,DD,DD,DD,DD,DD,DD,DD,DD,DD,DD,DD,DD,DD,DM,DD,DD,DD,DD,DD,DD,DD,DD,DD,DD,DD,DD,DD,DD,DD,DD,DD,DD,D,D,D